BioSample	latitude
SAMD00000334	35.6455
SAMD00065354	34.8
SAMN02688394	22.67
SAMN02713587	41.43
SAMN02731427	21.08
SAMN02767600	37.19
SAMN02797826	22.67
SAMN02797828	22.67
SAMN02820311	15
SAMN02848645	13.060407
SAMN02874015	14.4
SAMN02887314	39.9167
SAMN02943514	24
SAMN02943515	24
SAMN03002394	13.060407
SAMN03175163	35.13
SAMN03177465	35.13
SAMN03177466	35.13
SAMN03177469	35.13
SAMN03177470	35.13
SAMN03177471	35.13
SAMN03177473	35.13
SAMN03177474	35.13
SAMN03177475	35.13
SAMN03177477	35.13
SAMN03177478	35.13
SAMN03177480	35.13
SAMN03177481	35.13
SAMN03177483	35.13
SAMN03177484	35.13
SAMN03177485	35.13
SAMN03177486	35.13
SAMN03177487	35.13
SAMN03177488	35.13
SAMN03177489	35.13
SAMN03177490	35.13
SAMN03177491	35.13
SAMN03177492	35.13
SAMN03177493	35.13
SAMN03177494	35.13
SAMN03177495	35.13
SAMN03177496	35.13
SAMN03177497	35.13
SAMN03196604	35.13
SAMN03265108	14.016667
SAMN03267964	25.40
SAMN03272559	55.28
SAMN03288261	19
SAMN03290670	38.1
SAMN03290698	3.1357
SAMN03290700	3.1357
SAMN03338741	3.17
SAMN03338742	3.17
SAMN03338743	3.17
SAMN03338744	3.17
SAMN03372109	36.856285
SAMN03460429	55.45
SAMN03496755	55.45
SAMN03776961	34.3306
SAMN03793145	15
SAMN03793146	15
SAMN03793151	15
SAMN03840761	15
SAMN03921880	48.00
SAMN03941250	23.4879
SAMN04023334	31.568
SAMN04241384	36.6009642
SAMN04479830	6.2339
SAMN04491053	6.2339
SAMN04492771	6.10041
SAMN04492779	3.1333
SAMN04492780	3.1333
SAMN04492781	3.1333
SAMN04492782	3.1333
SAMN04492783	3.1333
SAMN04492784	3.1333
SAMN04492785	3.1333
SAMN04492786	3.1333
SAMN04492787	3.1333
SAMN04492789	3.1333
SAMN04492790	3.1333
SAMN04492791	3.1333
SAMN04492792	3.1333
SAMN04492793	3.1333
SAMN04517448	14.0371
SAMN04550924	52.18
SAMN04595071	34.6379
SAMN04595072	34.6379
SAMN04599205	21.45306863
SAMN05001334	36.8485
SAMN05187972	21.45306863
SAMN05447655	49.85
SAMN05447658	49.85
SAMN05791985	55.66
SAMN05791986	38.98
SAMN05791987	38.98
SAMN05792585	12
SAMN05825228	12
SAMN05830624	12
SAMN05830709	12
SAMN05830710	12
SAMN05830711	12
SAMN05915249	12
SAMN05915250	12
SAMN05915251	12
SAMN05915252	12
SAMN05915253	12
SAMN05915254	12
SAMN05915255	12
SAMN05915256	12
SAMN05915257	12
SAMN05915258	12
SAMN05915259	12
SAMN05915260	12
SAMN05915261	12
SAMN05915262	12
SAMN05915263	12
SAMN05915264	12
SAMN05915265	12
SAMN05915266	12
SAMN05915267	12
SAMN05915268	12
SAMN05915269	12
SAMN05915270	12
SAMN05915271	12
SAMN05915272	12
SAMN05915273	12
SAMN05915274	12
SAMN05915275	12
SAMN05915276	12
SAMN05915277	12
SAMN05915278	12
SAMN05915279	12
SAMN05915280	12
SAMN05915281	12
SAMN05915282	12
SAMN05915283	12
SAMN05915284	12
SAMN05915285	12
SAMN05915286	12
SAMN05915287	12
SAMN05915288	12
SAMN05915289	12
SAMN05915290	12
SAMN05915291	12
SAMN05915292	12
SAMN05915293	12
SAMN05916217	12
SAMN05916218	12
SAMN05916219	12
SAMN05916220	12
SAMN05916221	12
SAMN05916222	12
SAMN05916223	12
SAMN05916224	12
SAMN05916225	12
SAMN05916226	12
SAMN05916227	12
SAMN05916228	12
SAMN05916229	12
SAMN05916230	12
SAMN05916231	12
SAMN05916232	12
SAMN05916233	12
SAMN05916234	12
SAMN05916235	12
SAMN05916236	12
SAMN05916237	12
SAMN05916238	12
SAMN05916239	12
SAMN05916240	12
SAMN05916241	12
SAMN05916242	12
SAMN05916243	12
SAMN05916244	12
SAMN05916245	12
SAMN05916246	12
SAMN05916247	12
SAMN05916248	12
SAMN05916249	12
SAMN05916250	12
SAMN05916251	12
SAMN05916252	12
SAMN05916253	12
SAMN05916254	12
SAMN05916255	12
SAMN05916256	12
SAMN05916257	12
SAMN05916258	12
SAMN05916259	12
SAMN05916260	12
SAMN05916261	12
SAMN05916262	12
SAMN05916263	12
SAMN05916264	12
SAMN05916265	12
SAMN05916266	12
SAMN05916267	12
SAMN05916268	12
SAMN05916269	12
SAMN05916270	12
SAMN05916271	12
SAMN05916272	12
SAMN05916273	12
SAMN05916274	12
SAMN05916275	12
SAMN05916276	12
SAMN05916277	12
SAMN05916278	12
SAMN05916279	12
SAMN05916280	12
SAMN05916281	12
SAMN05916282	12
SAMN05916283	12
SAMN05916284	12
SAMN05916285	12
SAMN05916286	12
SAMN05916287	12
SAMN05916288	12
SAMN05916289	12
SAMN05916290	12
SAMN05916291	12
SAMN05916292	12
SAMN05916293	12
SAMN05916294	12
SAMN05916295	12
SAMN05916296	12
SAMN05916297	12
SAMN05916298	12
SAMN05916299	12
SAMN05916300	12
SAMN05916301	12
SAMN05916302	12
SAMN05916303	12
SAMN05916304	12
SAMN05916305	12
SAMN05916306	12
SAMN05916307	12
SAMN05916308	12
SAMN05916309	12
SAMN05916310	12
SAMN05916311	12
SAMN05916312	12
SAMN05916313	12
SAMN05916314	12
SAMN05916315	12
SAMN05916316	12
SAMN05916317	12
SAMN05916318	12
SAMN05916319	12
SAMN05916320	12
SAMN05916321	12
SAMN05916322	12
SAMN05916323	12
SAMN05916324	12
SAMN05916325	12
SAMN05916326	12
SAMN05916327	12
SAMN05916328	12
SAMN05916329	12
SAMN05916330	12
SAMN05916331	12
SAMN05916332	12
SAMN05916333	12
SAMN05916334	12
SAMN05916335	12
SAMN05916336	12
SAMN05916337	12
SAMN05916338	12
SAMN05916339	12
SAMN05916340	12
SAMN05916341	12
SAMN05916342	12
SAMN05916343	12
SAMN05916344	12
SAMN05916345	12
SAMN05916346	12
SAMN05916347	12
SAMN05916348	12
SAMN05916349	12
SAMN05916350	12
SAMN05916351	12
SAMN05916352	12
SAMN05916353	12
SAMN05916354	12
SAMN05916355	12
SAMN05916356	12
SAMN05916357	12
SAMN05916358	12
SAMN05916382	12
SAMN05916383	12
SAMN05916384	12
SAMN05916385	12
SAMN05916386	12
SAMN05916387	12
SAMN05916388	12
SAMN05916389	12
SAMN05916390	12
SAMN05916391	12
SAMN05916392	12
SAMN05916393	12
SAMN05916394	12
SAMN05916395	12
SAMN05916396	12
SAMN05916397	12
SAMN05916398	12
SAMN05916399	12
SAMN05916400	12
SAMN05916401	12
SAMN05916402	12
SAMN05916403	12
SAMN05916404	12
SAMN05916405	12
SAMN05916406	12
SAMN05916407	12
SAMN05916408	12
SAMN05916409	12
SAMN05916410	12
SAMN05916411	12
SAMN05916412	12
SAMN05916413	12
SAMN05916414	12
SAMN05916415	12
SAMN05916416	12
SAMN05916417	12
SAMN05916418	12
SAMN05916419	12
SAMN05916420	12
SAMN05916421	12
SAMN05916422	12
SAMN05916423	12
SAMN05916424	12
SAMN05916425	12
SAMN05916426	12
SAMN05916427	12
SAMN05916428	12
SAMN05916429	12
SAMN05916430	12
SAMN05916431	12
SAMN05916432	12
SAMN05916433	12
SAMN05916434	12
SAMN05916435	12
SAMN05916436	12
SAMN05916437	12
SAMN05916438	12
SAMN05916439	12
SAMN05916440	12
SAMN05916441	12
SAMN05916442	12
SAMN05916443	12
SAMN05916444	12
SAMN05916445	12
SAMN05916446	12
SAMN05916447	12
SAMN05916448	12
SAMN05916449	12
SAMN05916450	12
SAMN05916451	12
SAMN05916452	12
SAMN05916453	12
SAMN05916454	12
SAMN05916455	12
SAMN05916456	12
SAMN05916457	12
SAMN05916458	12
SAMN05916459	12
SAMN05916460	12
SAMN05918520	12
SAMN05918521	12
SAMN05918522	12
SAMN05918523	12
SAMN05918524	12
SAMN05918525	12
SAMN05918526	12
SAMN05918527	12
SAMN05918528	12
SAMN05918529	12
SAMN05918530	12
SAMN05918531	12
SAMN05918532	12
SAMN05918533	12
SAMN05918534	12
SAMN05918535	12
SAMN05918536	12
SAMN05918537	12
SAMN05918538	12
SAMN05918539	12
SAMN05918540	12
SAMN05918541	12
SAMN05918542	12
SAMN05918543	12
SAMN05918544	12
SAMN05918545	12
SAMN05918546	12
SAMN05918547	12
SAMN05918548	12
SAMN05918549	12
SAMN05918550	12
SAMN05918551	12
SAMN05918552	12
SAMN05918553	12
SAMN05918554	12
SAMN05918555	12
SAMN05918556	12
SAMN05918557	12
SAMN05918558	12
SAMN05918559	12
SAMN05918560	12
SAMN05918561	12
SAMN05918562	12
SAMN05918563	12
SAMN05918564	12
SAMN05918568	12
SAMN05918569	12
SAMN05918570	12
SAMN05918571	12
SAMN05918572	12
SAMN05918573	12
SAMN05918574	12
SAMN05918575	12
SAMN05918576	12
SAMN05918577	12
SAMN05918578	12
SAMN05918579	12
SAMN05918580	12
SAMN05918581	12
SAMN05918582	12
SAMN05918583	12
SAMN05918584	12
SAMN05918585	12
SAMN05918586	12
SAMN05918587	12
SAMN05918588	12
SAMN05918589	12
SAMN05918590	12
SAMN05918591	12
SAMN05918592	12
SAMN05918593	12
SAMN05918594	12
SAMN05918595	12
SAMN05918596	12
SAMN05918597	12
SAMN05918598	12
SAMN05918599	12
SAMN05918600	12
SAMN05918601	12
SAMN05918602	12
SAMN05918603	12
SAMN05918604	12
SAMN05918605	12
SAMN05918606	12
SAMN05918607	12
SAMN05918608	12
SAMN05918609	12
SAMN05918610	12
SAMN05918611	12
SAMN05918612	12
SAMN05918615	12
SAMN05918616	12
SAMN05918617	12
SAMN05918618	12
SAMN05918619	12
SAMN05918620	12
SAMN05918621	12
SAMN05918622	12
SAMN05918623	12
SAMN05918624	12
SAMN05918625	12
SAMN05918626	12
SAMN05918627	12
SAMN05918628	12
SAMN05918629	12
SAMN05918630	12
SAMN05918631	12
SAMN05918632	12
SAMN05918633	12
SAMN05918634	12
SAMN05918635	12
SAMN05918636	12
SAMN05918637	12
SAMN05918638	12
SAMN05918639	12
SAMN05918640	12
SAMN05918641	12
SAMN05918642	12
SAMN05918643	12
SAMN05918644	12
SAMN05918645	12
SAMN05918646	12
SAMN05918647	12
SAMN05918648	12
SAMN05918649	12
SAMN05918650	12
SAMN05918651	12
SAMN05918652	12
SAMN05918653	12
SAMN05918654	12
SAMN05918655	12
SAMN05918656	12
SAMN05918657	12
SAMN05918658	12
SAMN05918659	12
SAMN05918660	12
SAMN05918661	12
SAMN05918662	12
SAMN05918663	12
SAMN05918664	12
SAMN05918665	12
SAMN05918666	12
SAMN05918667	12
SAMN05918668	12
SAMN05918669	12
SAMN05918670	12
SAMN05918671	12
SAMN05918672	12
SAMN05918673	12
SAMN05918674	12
SAMN05918675	12
SAMN05918676	12
SAMN05918677	12
SAMN05918678	12
SAMN05918679	12
SAMN05918680	12
SAMN05918681	12
SAMN05918682	12
SAMN05918683	12
SAMN05918684	12
SAMN05918685	12
SAMN05918686	12
SAMN05918687	12
SAMN05918688	12
SAMN05918689	12
SAMN05918690	12
SAMN05918691	12
SAMN05918692	12
SAMN05918693	12
SAMN05918694	12
SAMN05918695	12
SAMN05918696	12
SAMN05918697	12
SAMN05918698	12
SAMN05918699	12
SAMN05918700	12
SAMN05918701	12
SAMN05918702	12
SAMN05918703	12
SAMN05918704	12
SAMN05918705	12
SAMN05918706	12
SAMN05918707	12
SAMN05918708	12
SAMN05918709	12
SAMN05918710	12
SAMN05918711	12
SAMN05918712	12
SAMN05918713	12
SAMN05918714	12
SAMN05918715	12
SAMN05918716	12
SAMN05918717	12
SAMN05918718	12
SAMN05918719	12
SAMN05918720	12
SAMN05918721	12
SAMN05918722	12
SAMN05918723	12
SAMN05918724	12
SAMN05918725	12
SAMN05918726	12
SAMN05918728	12
SAMN05918729	12
SAMN05918730	12
SAMN05918731	12
SAMN05918732	12
SAMN05918733	12
SAMN05918734	12
SAMN05918735	12
SAMN05918736	12
SAMN05918737	12
SAMN05918738	12
SAMN05918739	12
SAMN05918740	12
SAMN05918741	12
SAMN05918742	12
SAMN05918743	12
SAMN05918744	12
SAMN05918745	12
SAMN05918746	12
SAMN05918747	12
SAMN05918748	12
SAMN05918749	12
SAMN05918750	12
SAMN05918751	12
SAMN05918752	12
SAMN05918753	12
SAMN05918754	12
SAMN05918755	12
SAMN05918756	12
SAMN05918757	12
SAMN05918758	12
SAMN05918759	12
SAMN05918760	12
SAMN05918761	12
SAMN05918762	12
SAMN05918763	12
SAMN05918764	12
SAMN05918765	12
SAMN05918766	12
SAMN05918767	12
SAMN05918768	12
SAMN05918769	12
SAMN05918770	12
SAMN05918771	12
SAMN05918772	12
SAMN05918773	12
SAMN05918774	12
SAMN05918775	12
SAMN05918776	12
SAMN05918777	12
SAMN05918778	12
SAMN05918779	12
SAMN05918780	12
SAMN05918917	12
SAMN05918918	12
SAMN05918919	12
SAMN05918920	12
SAMN05918921	12
SAMN05918922	12
SAMN05918923	12
SAMN05918924	12
SAMN05918925	12
SAMN05918926	12
SAMN05918927	12
SAMN05918928	12
SAMN05918929	12
SAMN05918930	12
SAMN05918931	12
SAMN05918932	12
SAMN05918933	12
SAMN05918934	12
SAMN05918935	12
SAMN05918936	12
SAMN05918937	12
SAMN05918938	12
SAMN05918939	12
SAMN05918940	12
SAMN05918941	12
SAMN05918942	12
SAMN05918943	12
SAMN05918944	12
SAMN05918945	12
SAMN05918946	12
SAMN05918947	12
SAMN05918948	12
SAMN05918949	12
SAMN05918950	12
SAMN05918951	12
SAMN05918952	12
SAMN05918953	12
SAMN05918954	12
SAMN05918955	12
SAMN05918956	12
SAMN05918957	12
SAMN05918958	12
SAMN05918959	12
SAMN05918960	12
SAMN05919545	12
SAMN05919546	12
SAMN05919547	12
SAMN05919548	12
SAMN05919549	12
SAMN05919550	12
SAMN05919551	12
SAMN05919552	12
SAMN05919553	12
SAMN05919554	12
SAMN05919555	12
SAMN05919556	12
SAMN05919557	12
SAMN05919558	12
SAMN05919559	12
SAMN05919560	12
SAMN05919561	12
SAMN05919562	12
SAMN05919563	12
SAMN05919564	12
SAMN05919565	12
SAMN05919566	12
SAMN05919567	12
SAMN05919568	12
SAMN05919569	12
SAMN05919570	12
SAMN05919571	12
SAMN05919572	12
SAMN05919573	12
SAMN05919574	12
SAMN05919575	12
SAMN05919576	12
SAMN05919577	12
SAMN05919578	12
SAMN05919579	12
SAMN05919580	12
SAMN05919581	12
SAMN05919582	12
SAMN05919583	12
SAMN05919584	12
SAMN05919585	12
SAMN05919586	12
SAMN05919587	12
SAMN05919588	12
SAMN05919589	12
SAMN05919590	12
SAMN05919591	12
SAMN05919592	12
SAMN05919593	12
SAMN05919594	12
SAMN05919595	12
SAMN05919596	12
SAMN05919597	12
SAMN05919598	12
SAMN05919599	12
SAMN05919600	12
SAMN05919601	12
SAMN05919602	12
SAMN05919603	12
SAMN05919604	12
SAMN05919605	12
SAMN05919606	12
SAMN05919607	12
SAMN05919608	12
SAMN05919609	12
SAMN05919610	12
SAMN05919611	12
SAMN05919613	12
SAMN05919614	12
SAMN05919615	12
SAMN05919616	12
SAMN05919617	12
SAMN05919618	12
SAMN05919619	12
SAMN05919620	12
SAMN05919621	12
SAMN05919622	12
SAMN05919623	12
SAMN05919624	12
SAMN05919625	12
SAMN05919626	12
SAMN05919627	12
SAMN05919628	12
SAMN05919629	12
SAMN05919630	12
SAMN05919631	12
SAMN05919632	12
SAMN05919633	12
SAMN05919634	12
SAMN05919635	12
SAMN05919636	12
SAMN05919637	12
SAMN05919638	12
SAMN05919639	12
SAMN05919640	12
SAMN05919641	12
SAMN05919642	12
SAMN05919643	12
SAMN05919644	12
SAMN05919645	12
SAMN05919646	12
SAMN05919647	12
SAMN05919648	12
SAMN05919649	12
SAMN05919650	12
SAMN05919651	12
SAMN05919652	12
SAMN05919653	12
SAMN05919654	12
SAMN05919655	12
SAMN05919656	12
SAMN05919657	12
SAMN05919658	12
SAMN05919659	12
SAMN05919660	12
SAMN05919661	12
SAMN05919662	12
SAMN05919663	12
SAMN05919664	12
SAMN05919665	12
SAMN05919666	12
SAMN05919667	12
SAMN05919668	12
SAMN05919669	12
SAMN05919670	12
SAMN05919671	12
SAMN05933692	34.0522
SAMN05933699	34.0522
SAMN06010119	12
SAMN06010120	12
SAMN06010121	12
SAMN06010122	12
SAMN06010123	12
SAMN06010124	12
SAMN06010125	12
SAMN06010126	12
SAMN06010127	12
SAMN06010128	12
SAMN06010129	12
SAMN06010130	12
SAMN06010131	12
SAMN06010132	12
SAMN06010133	12
SAMN06010134	12
SAMN06010135	12
SAMN06010136	12
SAMN06010137	12
SAMN06010138	12
SAMN06010139	12
SAMN06010140	12
SAMN06010141	12
SAMN06010142	12
SAMN06010143	12
SAMN06010144	12
SAMN06010145	12
SAMN06010146	12
SAMN06010147	12
SAMN06010148	12
SAMN06010149	12
SAMN06010150	12
SAMN06010151	12
SAMN06010152	12
SAMN06010153	12
SAMN06010154	12
SAMN06010155	12
SAMN06010156	12
SAMN06010157	12
SAMN06010158	12
SAMN06010159	12
SAMN06010160	12
SAMN06010161	12
SAMN06010162	12
SAMN06010163	12
SAMN06010164	12
SAMN06010165	12
SAMN06010166	12
SAMN06010167	12
SAMN06010168	12
SAMN06010169	12
SAMN06010170	12
SAMN06010171	12
SAMN06010172	12
SAMN06010173	12
SAMN06010174	12
SAMN06010175	12
SAMN06010176	12
SAMN06010177	12
SAMN06010178	12
SAMN06010179	12
SAMN06010180	12
SAMN06010181	12
SAMN06010182	12
SAMN06010183	12
SAMN06010184	12
SAMN06010185	12
SAMN06010186	12
SAMN06010187	12
SAMN06010188	12
SAMN06010189	12
SAMN06010190	12
SAMN06010191	12
SAMN06010192	12
SAMN06010193	12
SAMN06010194	12
SAMN06010195	12
SAMN06010196	12
SAMN06010197	12
SAMN06010198	12
SAMN06010199	12
SAMN06010200	12
SAMN06010201	12
SAMN06010202	12
SAMN06010203	12
SAMN06010204	12
SAMN06010205	12
SAMN06010206	12
SAMN06010207	12
SAMN06010208	12
SAMN06010209	12
SAMN06010210	12
SAMN06010211	12
SAMN06010212	12
SAMN06010213	12
SAMN06010214	12
SAMN06010215	12
SAMN06010216	12
SAMN06010217	12
SAMN06010218	12
SAMN06010219	12
SAMN06010220	12
SAMN06010221	12
SAMN06010222	12
SAMN06010223	12
SAMN06010224	12
SAMN06010225	12
SAMN06010226	12
SAMN06010227	12
SAMN06010228	12
SAMN06010229	12
SAMN06010230	12
SAMN06010231	12
SAMN06010232	12
SAMN06010233	12
SAMN06010234	12
SAMN06010235	12
SAMN06010236	12
SAMN06010237	12
SAMN06010238	12
SAMN06010239	12
SAMN06010240	12
SAMN06010241	12
SAMN06010242	12
SAMN06010243	12
SAMN06010244	12
SAMN06010245	12
SAMN06010246	12
SAMN06010247	12
SAMN06010248	12
SAMN06010249	12
SAMN06010250	12
SAMN06010251	12
SAMN06010252	12
SAMN06010253	12
SAMN06010254	12
SAMN06010255	12
SAMN06010256	12
SAMN06010257	12
SAMN06010319	12
SAMN06010320	12
SAMN06010321	12
SAMN06010322	12
SAMN06010323	12
SAMN06010324	12
SAMN06010325	12
SAMN06010326	12
SAMN06010327	12
SAMN06010328	12
SAMN06010329	12
SAMN06010330	12
SAMN06010331	12
SAMN06010332	12
SAMN06010333	12
SAMN06010334	12
SAMN06010335	12
SAMN06010336	12
SAMN06010337	12
SAMN06010338	12
SAMN06010339	12
SAMN06010340	12
SAMN06010341	12
SAMN06010342	12
SAMN06010343	12
SAMN06010344	12
SAMN06010345	12
SAMN06010346	12
SAMN06010347	12
SAMN06010348	12
SAMN06010349	12
SAMN06010350	12
SAMN06010351	12
SAMN06010352	12
SAMN06010353	12
SAMN06010354	12
SAMN06010355	12
SAMN06010356	12
SAMN06010357	12
SAMN06010358	12
SAMN06010359	12
SAMN06010360	12
SAMN06010361	12
SAMN06010362	12
SAMN06010363	12
SAMN06010364	12
SAMN06010365	12
SAMN06010366	12
SAMN06010367	12
SAMN06010368	12
SAMN06010369	12
SAMN06010370	12
SAMN06010371	12
SAMN06010372	12
SAMN06010373	12
SAMN06010374	12
SAMN06010375	12
SAMN06010376	12
SAMN06010377	12
SAMN06010378	12
SAMN06010379	12
SAMN06010380	12
SAMN06010381	12
SAMN06010382	12
SAMN06010383	12
SAMN06010384	12
SAMN06010385	12
SAMN06010386	12
SAMN06010387	12
SAMN06010388	12
SAMN06010389	12
SAMN06010390	12
SAMN06010391	12
SAMN06010392	12
SAMN06010393	12
SAMN06010394	12
SAMN06010395	12
SAMN06010396	12
SAMN06010397	12
SAMN06010398	12
SAMN06010399	12
SAMN06010400	12
SAMN06010401	12
SAMN06010402	12
SAMN06010403	12
SAMN06010404	12
SAMN06010405	12
SAMN06010406	12
SAMN06010407	12
SAMN06010408	12
SAMN06010409	12
SAMN06010410	12
SAMN06010411	12
SAMN06010412	12
SAMN06010413	12
SAMN06010414	12
SAMN06010415	12
SAMN06010416	12
SAMN06010417	12
SAMN06010418	12
SAMN06010419	12
SAMN06010420	12
SAMN06010421	12
SAMN06010422	12
SAMN06010423	12
SAMN06010424	12
SAMN06010425	12
SAMN06010426	12
SAMN06010427	12
SAMN06010428	12
SAMN06010429	12
SAMN06010430	12
SAMN06010431	12
SAMN06010432	12
SAMN06010433	12
SAMN06010434	12
SAMN06010435	12
SAMN06010436	12
SAMN06010437	12
SAMN06010438	12
SAMN06010439	12
SAMN06010440	12
SAMN06010441	12
SAMN06010442	12
SAMN06010443	12
SAMN06010444	12
SAMN06010445	12
SAMN06010446	12
SAMN06010447	12
SAMN06010448	12
SAMN06010449	12
SAMN06010450	12
SAMN06010451	12
SAMN06010452	12
SAMN06010453	12
SAMN06010454	12
SAMN06010455	12
SAMN06010456	12
SAMN06010457	12
SAMN06010458	12
SAMN06010459	12
SAMN06010460	12
SAMN06010461	12
SAMN06010462	12
SAMN06010463	12
SAMN06010464	12
SAMN06010465	12
SAMN06010466	12
SAMN06010467	12
SAMN06010468	12
SAMN06010469	12
SAMN06010470	12
SAMN06010471	12
SAMN06010472	12
SAMN06010473	12
SAMN06010474	12
SAMN06010475	12
SAMN06010476	12
SAMN06010477	12
SAMN06010478	12
SAMN06010479	12
SAMN06010480	12
SAMN06010481	12
SAMN06010482	12
SAMN06010483	12
SAMN06010484	12
SAMN06010485	12
SAMN06010486	12
SAMN06010487	12
SAMN06010488	12
SAMN06010489	12
SAMN06010490	12
SAMN06010491	12
SAMN06010492	12
SAMN06010493	12
SAMN06094068	12
SAMN06094069	12
SAMN06094070	12
SAMN06094071	12
SAMN06094072	12
SAMN06094073	12
SAMN06094074	12
SAMN06094075	12
SAMN06094076	12
SAMN06094077	12
SAMN06094078	12
SAMN06094079	12
SAMN06094080	12
SAMN06094081	12
SAMN06094082	12
SAMN06094083	12
SAMN06094084	12
SAMN06094085	12
SAMN06094086	12
SAMN06094087	12
SAMN06094088	12
SAMN06094089	12
SAMN06094090	12
SAMN06094091	12
SAMN06094092	12
SAMN06094093	12
SAMN06094094	12
SAMN06094095	12
SAMN06094096	12
SAMN06094097	12
SAMN06094098	12
SAMN06094099	12
SAMN06094100	12
SAMN06094101	12
SAMN06094102	12
SAMN06094103	12
SAMN06094104	12
SAMN06094105	12
SAMN06094106	12
SAMN06094107	12
SAMN06094108	12
SAMN06094109	12
SAMN06094110	12
SAMN06094111	12
SAMN06094112	12
SAMN06094113	12
SAMN06094114	12
SAMN06094115	12
SAMN06094116	12
SAMN06094117	12
SAMN06094118	12
SAMN06094119	12
SAMN06094120	12
SAMN06094121	12
SAMN06094122	12
SAMN06094128	12
SAMN06094129	12
SAMN06094130	12
SAMN06094131	12
SAMN06094132	12
SAMN06094133	12
SAMN06094134	12
SAMN06094135	12
SAMN06094136	12
SAMN06094137	12
SAMN06094138	12
SAMN06094139	12
SAMN06094140	12
SAMN06094141	12
SAMN06094142	12
SAMN06094143	12
SAMN06094144	12
SAMN06094145	12
SAMN06094146	12
SAMN06094147	12
SAMN06094148	12
SAMN06094149	12
SAMN06094150	12
SAMN06094151	12
SAMN06094152	12
SAMN06094153	12
SAMN06094154	12
SAMN06094155	12
SAMN06094156	12
SAMN06094157	12
SAMN06094158	12
SAMN06094159	12
SAMN06094160	12
SAMN06094161	12
SAMN06094162	12
SAMN06094163	12
SAMN06094164	12
SAMN06094165	12
SAMN06094166	12
SAMN06094167	12
SAMN06094168	12
SAMN06094169	12
SAMN06094170	12
SAMN06094171	12
SAMN06094172	12
SAMN06094173	12
SAMN06094174	12
SAMN06094175	12
SAMN06094176	12
SAMN06094177	12
SAMN06094178	12
SAMN06094179	12
SAMN06094180	12
SAMN06094181	12
SAMN06094182	12
SAMN06094183	12
SAMN06094184	12
SAMN06094185	12
SAMN06094186	12
SAMN06094187	12
SAMN06094188	12
SAMN06094189	12
SAMN06094190	12
SAMN06094191	12
SAMN06094192	12
SAMN06094193	12
SAMN06094194	12
SAMN06094195	12
SAMN06094196	12
SAMN06094197	12
SAMN06094198	12
SAMN06094199	12
SAMN06094200	12
SAMN06094201	12
SAMN06094202	12
SAMN06094203	12
SAMN06094204	12
SAMN06094205	12
SAMN06094206	12
SAMN06094207	12
SAMN06094208	12
SAMN06094209	12
SAMN06094210	12
SAMN06094211	12
SAMN06094212	12
SAMN06094213	12
SAMN06094214	12
SAMN06094215	12
SAMN06094216	12
SAMN06094217	12
SAMN06094218	12
SAMN06094219	12
SAMN06094220	12
SAMN06094221	12
SAMN06094222	12
SAMN06094223	12
SAMN06094224	12
SAMN06094225	12
SAMN06141171	56.1629
SAMN06189363	52.17
SAMN06189364	56.50
SAMN06292065	22.3964
SAMN06292067	22.3964
SAMN06292590	22.3964
SAMN06292592	22.3964
SAMN06563651	14.60
SAMN06563652	14.60
SAMN06563653	14.60
SAMN06563654	14.60
SAMN06563655	14.60
SAMN06563656	14.60
SAMN06563657	14.60
SAMN06563658	14.60
SAMN06563659	14.60
SAMN06563660	14.60
SAMN06624811	34.2
SAMN06624812	34.2
SAMN06624814	34.2
SAMN06624815	34.2
SAMN06627426	33.3823
SAMN06627448	34.5291
SAMN06627494	34.4607
SAMN06627497	32.7002
SAMN06627533	34.3743
SAMN06627600	33.5169
SAMN06627640	34.4607
SAMN06627641	33.5169
SAMN06627643	34.0948
SAMN06627645	34.481
SAMN06627992	34.0948
SAMN06627993	34.0948
SAMN06627994	34.4607
SAMN06627995	31.7207
SAMN06627996	34.5291
SAMN06627997	34.5291
SAMN06628109	34.4607
SAMN06628110	34.5291
SAMN06628112	34.0948
SAMN06628113	34.0948
SAMN06628114	34.0948
SAMN06628115	34.481
SAMN07236903	37.7749
SAMN07236904	37.7749
SAMN07236905	37.7749
SAMN07236906	37.7749
SAMN07236907	37.7749
SAMN07236908	37.7749
SAMN07236909	37.7749
SAMN07236910	37.7749
SAMN07236911	37.7749
SAMN07414819	22.3964
SAMN07414820	22.3964
SAMN07599849	41.2648
SAMN07664823	12.0245
SAMN07664824	12.0245
SAMN07664825	12.0245
SAMN07664826	12.0245
SAMN07664827	12.0245
SAMN07664828	12.0245
SAMN07664829	12.0245
SAMN07664830	12.0245
SAMN07664831	12.0245
SAMN07664832	12.0245
SAMN07664833	12.0245
SAMN07664834	12.0245
SAMN07664835	12.0245
SAMN07664836	12.0245
SAMN07664837	12.0245
SAMN07664838	12.0245
SAMN07664839	12.0245
SAMN07664840	12.0245
SAMN07664841	12.0245
SAMN07664842	12.0245
SAMN07664843	12.0245
SAMN07664844	12.0245
SAMN07664845	12.0245
SAMN07664846	12.0245
SAMN07664847	12.0245
SAMN07664848	12.0245
SAMN07664849	12.0245
SAMN07664850	12.0245
SAMN07664851	12.0245
SAMN07664852	12.0245
SAMN07664853	12.0245
SAMN07664854	12.0245
SAMN07664855	12.0245
SAMN07664856	12.0245
SAMN07664857	12.0245
SAMN07664858	12.0245
SAMN07664859	12.0245
SAMN07664860	12.0245
SAMN07664861	12.0245
SAMN07664862	12.0245
SAMN07664863	12.0245
SAMN07664864	12.0245
SAMN07664865	12.0245
SAMN07664866	12.0245
SAMN07664867	12.0245
SAMN07664868	12.0245
SAMN07664869	12.0245
SAMN07664870	12.0245
SAMN07664871	12.0245
SAMN07664872	12.0245
SAMN07664873	12.0245
SAMN07664874	12.0245
SAMN07664875	12.0245
SAMN07664876	12.0245
SAMN07664877	12.0245
SAMN07664878	12.0245
SAMN07664879	12.0245
SAMN07664880	12.0245
SAMN07664881	12.0245
SAMN07664882	12.0245
SAMN07664883	12.0245
SAMN07664884	12.0245
SAMN07664885	12.0245
SAMN07664886	12.0245
SAMN07664887	12.0245
SAMN07664888	12.0245
SAMN07664889	12.0245
SAMN07664890	12.0245
SAMN07701721	26.57
SAMN07701799	26.35
SAMN07709478	28.36
SAMN08095524	35.13
SAMN08095528	35.13
SAMN08095537	35.13
SAMN08095541	35.13
SAMN08095555	35.13
SAMN08095578	35.13
SAMN08199254	14.633
SAMN08199260	14.633
SAMN08199265	14.633
SAMN08199266	14.633
SAMN08199267	14.633
SAMN08199268	14.633
SAMN08199271	14.633
SAMN08199276	14.633
SAMN08199277	14.633
SAMN08199301	14.633
SAMN08199302	14.633
SAMN08199303	14.633
SAMN08199305	14.633
SAMN08199306	14.633
SAMN08199347	14.633
SAMN08199348	14.633
SAMN08386658	4.5709
SAMN08432322	6.2442
SAMN08432487	6.2442
SAMN08432953	6.2442
SAMN08432968	6.2442
SAMN08432974	6.2442
SAMN08432975	6.2442
SAMN08432976	6.2442
SAMN08432978	6.2442
SAMN08432985	6.2442
SAMN08436883	6.2442
SAMN08436884	6.2442
SAMN08437144	6.2442
SAMN08437161	6.2442
SAMN08437162	6.2442
SAMN08437188	3.4516
SAMN08437228	6.2442
SAMN08437989	4.5709
SAMN08437990	4.5709
SAMN08438036	4.5709
SAMN08462824	18.520430
SAMN08765497	18.520430
SAMN08794918	18.520430
SAMN08973501	27.1767
SAMN09206576	30.8754
SAMN09206577	30.8754
SAMN09206578	30.8481
SAMN09206579	30.5972
SAMN09206580	30.8754
SAMN09206581	30.8481
SAMN09206582	30.8754
SAMN09206583	31.2001
SAMN09206584	31.2001
SAMN09229031	39.9042
SAMN09229032	39.9042
SAMN09453176	60.011079
SAMN09477757	16.51
SAMN09566388	29.8587
SAMN09566389	29.8587
SAMN09566390	29.8587
SAMN09566391	29.8587
SAMN09566392	29.8587
SAMN09566393	29.8587
SAMN09566394	29.8587
SAMN09566395	29.8587
SAMN09566396	29.8587
SAMN09566397	29.8587
SAMN09566398	29.8587
SAMN09566399	29.8587
SAMN09566400	29.8587
SAMN09566403	29.8587
SAMN09566405	29.8587
SAMN09566406	29.8587
SAMN09566408	29.8587
SAMN09566409	29.8587
SAMN09566410	29.8587
SAMN09566411	29.8587
SAMN09566414	29.8587
SAMN09566415	29.8587
SAMN09566416	29.8587
SAMN09566417	29.8587
SAMN09566418	29.8587
SAMN09566419	29.8587
SAMN09566420	29.8587
SAMN09566421	29.8587
SAMN09566422	29.8587
SAMN09566423	29.8587
SAMN09566424	29.8587
SAMN09566425	29.8587
SAMN09566426	29.8587
SAMN09566427	29.8587
SAMN09566428	29.8587
SAMN09566429	29.8587
SAMN09566430	29.8587
SAMN09566431	29.8587
SAMN09566432	29.8587
SAMN09566433	29.8587
SAMN09566434	29.8587
SAMN09566435	29.8587
SAMN09566436	29.8587
SAMN09566437	29.8587
SAMN09566438	29.8587
SAMN09566439	29.8587
SAMN09566440	29.8587
SAMN09566441	29.8587
SAMN09566442	29.8587
SAMN09566443	29.8587
SAMN09566444	29.8587
SAMN09566445	29.8587
SAMN09566446	29.8587
SAMN09566447	29.8587
SAMN09566448	29.8587
SAMN09566449	29.8587
SAMN09566450	29.8587
SAMN09566451	29.8587
SAMN09566452	29.8587
SAMN09566453	29.8587
SAMN09566454	29.8587
SAMN09566455	29.8587
SAMN09566456	29.8587
SAMN09566457	29.8587
SAMN09566458	29.8587
SAMN09566459	29.8587
SAMN09566460	29.8587
SAMN09566461	29.8587
SAMN09566463	29.8587
SAMN09566464	29.8587
SAMN09566465	29.8587
SAMN09566466	29.8587
SAMN09566467	29.8587
SAMN09566468	29.8587
SAMN09566469	29.8587
SAMN09566470	29.8587
SAMN09566471	29.8587
SAMN09566472	29.8587
SAMN09566473	29.8587
SAMN09566474	29.8587
SAMN09566475	29.8587
SAMN09566476	29.8587
SAMN09566477	29.8587
SAMN09566478	29.8587
SAMN09566479	29.8587
SAMN09566480	29.8587
SAMN09566481	29.8587
SAMN09566482	29.8587
SAMN09566483	29.8587
SAMN09566484	29.8587
SAMN09566485	29.8587
SAMN09566486	29.8587
SAMN09566488	29.8587
SAMN09566489	29.8587
SAMN09566490	29.8587
SAMN09566491	29.8587
SAMN09566492	29.8587
SAMN09566493	29.8587
SAMN09566494	29.8587
SAMN09566495	29.8587
SAMN09566496	29.8587
SAMN09566497	29.8587
SAMN09566498	29.8587
SAMN09566499	29.8587
SAMN09566500	29.8587
SAMN09566501	29.8587
SAMN09566502	29.8587
SAMN09566503	29.8587
SAMN09566504	29.8587
SAMN09566505	29.8587
SAMN09566506	29.8587
SAMN09566507	29.8587
SAMN09566508	29.8587
SAMN09566509	29.8587
SAMN09566510	29.8587
SAMN09566511	29.8587
SAMN09566512	29.8587
SAMN09566513	29.8587
SAMN09566514	29.8587
SAMN09566515	29.8587
SAMN09566516	29.8587
SAMN09566517	29.8587
SAMN09566518	29.8587
SAMN09566519	29.8587
SAMN09566520	29.8587
SAMN09566521	29.8587
SAMN09566522	29.8587
SAMN09566523	29.8587
SAMN09566524	29.8587
SAMN09566525	29.8587
SAMN09566526	29.8587
SAMN09566527	29.8587
SAMN09566528	29.8587
SAMN09566529	29.8587
SAMN09566530	29.8587
SAMN09566531	29.8587
SAMN09566532	29.8587
SAMN09566533	29.8587
SAMN09566534	29.8587
SAMN09566535	29.8587
SAMN09566536	29.8587
SAMN09566537	29.8587
SAMN09566538	29.8587
SAMN09566539	29.8587
SAMN09566540	29.8587
SAMN09566541	29.8587
SAMN09566542	29.8587
SAMN09566543	29.8587
SAMN09566544	29.8587
SAMN09566545	29.8587
SAMN09566546	29.8587
SAMN09566547	29.8587
SAMN09566548	29.8587
SAMN09566549	29.8587
SAMN09566550	29.8587
SAMN09566551	29.8587
SAMN09566552	29.8587
SAMN09566553	29.8587
SAMN09566554	29.8587
SAMN09566555	29.8587
SAMN09566556	29.8587
SAMN09566557	29.8587
SAMN09566558	29.8587
SAMN09566559	29.8587
SAMN09566560	29.8587
SAMN09566561	29.8587
SAMN09566562	29.8587
SAMN09566563	29.8587
SAMN09566564	29.8587
SAMN09566565	29.8587
SAMN09566566	29.8587
SAMN09566567	29.8587
SAMN09566568	29.8587
SAMN09566569	29.8587
SAMN09566570	29.8587
SAMN09566571	29.8587
SAMN09566572	29.8587
SAMN09566573	29.8587
SAMN09566574	29.8587
SAMN09566575	29.8587
SAMN09566576	29.8587
SAMN09566577	29.8587
SAMN09566578	29.8587
SAMN09566579	29.8587
SAMN09566580	29.8587
SAMN09566581	29.8587
SAMN09566582	29.8587
SAMN09566583	29.8587
SAMN09566584	29.8587
SAMN09566585	29.8587
SAMN09566586	29.8587
SAMN09566587	29.8587
SAMN09566588	29.8587
SAMN09566589	29.8587
SAMN09566590	29.8587
SAMN09566591	29.8587
SAMN09566592	29.8587
SAMN09566593	29.8587
SAMN09566594	29.8587
SAMN09566595	29.8587
SAMN09566596	29.8587
SAMN09566597	29.8587
SAMN09566598	29.8587
SAMN09566599	29.8587
SAMN09566600	29.8587
SAMN09566601	29.8587
SAMN09566602	29.8587
SAMN09566603	29.8587
SAMN09566604	29.8587
SAMN09566605	29.8587
SAMN09566606	29.8587
SAMN09566607	29.8587
SAMN09566608	29.8587
SAMN09566609	29.8587
SAMN09566610	29.8587
SAMN09566611	29.8587
SAMN09566612	29.8587
SAMN09566613	29.8587
SAMN09566614	29.8587
SAMN09566615	29.8587
SAMN09566616	29.8587
SAMN09566617	29.8587
SAMN09566618	29.8587
SAMN09566619	29.8587
SAMN09566621	29.8587
SAMN09566622	29.8587
SAMN09566623	29.8587
SAMN09566624	29.8587
SAMN09566625	29.8587
SAMN09566626	29.8587
SAMN09566627	29.8587
SAMN09566628	29.8587
SAMN09566629	29.8587
SAMN09566630	29.8587
SAMN09566631	29.8587
SAMN09566632	29.8587
SAMN09566633	29.8587
SAMN09566634	29.8587
SAMN09566635	29.8587
SAMN09566636	29.8587
SAMN09566637	29.8587
SAMN09566638	29.8587
SAMN09566639	29.8587
SAMN09566640	29.8587
SAMN09566641	29.8587
SAMN09566642	29.8587
SAMN09566643	29.8587
SAMN09566644	29.8587
SAMN09566645	29.8587
SAMN09566646	29.8587
SAMN09566647	29.8587
SAMN09566648	29.8587
SAMN09566649	29.8587
SAMN09566650	29.8587
SAMN09566651	29.8587
SAMN09566652	29.8587
SAMN09566653	29.8587
SAMN09566654	29.8587
SAMN09566655	29.8587
SAMN09566656	29.8587
SAMN09566657	29.8587
SAMN09566658	29.8587
SAMN09566659	29.8587
SAMN09566660	29.8587
SAMN09566661	29.8587
SAMN09566662	29.8587
SAMN09566663	29.8587
SAMN09566664	29.8587
SAMN09566665	29.8587
SAMN09566666	29.8587
SAMN09566667	29.8587
SAMN09566668	29.8587
SAMN09566669	29.8587
SAMN09566670	29.8587
SAMN09566671	29.8587
SAMN09566672	29.8587
SAMN09566673	29.8587
SAMN09566674	29.8587
SAMN09566675	29.8587
SAMN09566676	29.8587
SAMN09566677	29.8587
SAMN09566678	29.8587
SAMN09566679	29.8587
SAMN09566680	29.8587
SAMN09566681	29.8587
SAMN09566682	29.8587
SAMN09566683	29.8587
SAMN09566684	29.8587
SAMN09566685	29.8587
SAMN09566686	29.8587
SAMN09566687	29.8587
SAMN09566688	29.8587
SAMN09566689	29.8587
SAMN09566690	29.8587
SAMN09566691	29.8587
SAMN09566692	29.8587
SAMN09566693	29.8587
SAMN09566694	29.8587
SAMN09566695	29.8587
SAMN09566696	29.8587
SAMN09566697	29.8587
SAMN09566698	29.8587
SAMN09566699	29.8587
SAMN09566700	29.8587
SAMN09566701	29.8587
SAMN09566702	29.8587
SAMN09566703	29.8587
SAMN09566704	29.8587
SAMN09566705	29.8587
SAMN09566706	29.8587
SAMN09566707	29.8587
SAMN09566708	29.8587
SAMN09566709	29.8587
SAMN09566710	29.8587
SAMN09566711	29.8587
SAMN09566712	29.8587
SAMN09566713	29.8587
SAMN09566714	29.8587
SAMN09566715	29.8587
SAMN09566716	29.8587
SAMN09566717	29.8587
SAMN09566718	29.8587
SAMN09566719	29.8587
SAMN09566720	29.8587
SAMN09566721	29.8587
SAMN09566722	29.8587
SAMN09566723	29.8587
SAMN09566724	29.8587
SAMN09566725	29.8587
SAMN09566726	29.8587
SAMN09566728	29.8587
SAMN09566729	29.8587
SAMN09566730	29.8587
SAMN09566731	29.8587
SAMN09811670	40.9124
SAMN09811671	40.9124
SAMN10219708	51.3
SAMN10219709	51.3
SAMN10278076	26.07892
SAMN10279424	26.07892
SAMN10386492	51.18
SAMN10386493	51.18
SAMN10386494	51.18
SAMN10386495	51.18
SAMN10386496	51.18
SAMN10386497	51.18
SAMN10386498	51.18
SAMN10417143	25.5
SAMN10417144	25.5
SAMN10417147	25.5
SAMN10417148	25.5
SAMN10417149	25.5
SAMN10587724	56.50
SAMN10587736	56.50
SAMN10588750	56.50
SAMN10589319	56.50
SAMN10589489	56.50
SAMN10592335	56.50
SAMN10592336	56.50
SAMN10592345	56.50
SAMN10592348	56.50
SAMN10592494	56.50
SAMN10592500	56.50
SAMN10593020	56.50
SAMN10593042	56.50
SAMN10593104	56.50
SAMN10593109	56.50
SAMN10593121	56.50
SAMN10593327	56.50
SAMN10601611	56.50
SAMN10601620	56.50
SAMN10659527	13.0827
SAMN10659528	13.0827
SAMN10659529	13.0827
SAMN10659530	13.0827
SAMN10659531	13.0827
SAMN10659532	13.0827
SAMN10659533	13.0827
SAMN10659534	13.0827
SAMN10659535	13.0827
SAMN10659536	13.0827
SAMN10697415	12
SAMN10697416	12
SAMN10697417	12
SAMN10697418	12
SAMN10697419	12
SAMN10697420	12
SAMN10697421	12
SAMN10697422	12
SAMN10697423	12
SAMN10697424	12
SAMN10697425	12
SAMN10697426	12
SAMN10697427	12
SAMN10697428	12
SAMN10697429	12
SAMN10697430	12
SAMN10697431	12
SAMN10697432	12
SAMN10697433	12
SAMN10697434	12
SAMN10697435	12
SAMN10697436	12
SAMN10697437	12
SAMN10697438	12
SAMN10697439	12
SAMN10697440	12
SAMN10697441	12
SAMN10697442	12
SAMN10697443	12
SAMN10697444	12
SAMN10697445	12
SAMN10697446	12
SAMN10697447	12
SAMN10697448	12
SAMN10697449	12
SAMN10697450	12
SAMN10697451	12
SAMN10697452	12
SAMN10697453	12
SAMN10697454	12
SAMN10697455	12
SAMN10697456	12
SAMN10697457	12
SAMN10697459	12
SAMN10697460	12
SAMN10697461	12
SAMN10697462	12
SAMN10697463	12
SAMN10697464	12
SAMN10697465	12
SAMN10697466	12
SAMN10697467	12
SAMN10697468	12
SAMN10697469	12
SAMN10697470	12
SAMN10697471	12
SAMN10697472	12
SAMN10697473	12
SAMN10697474	12
SAMN10697475	12
SAMN10697476	12
SAMN10697477	12
SAMN10697478	12
SAMN10697479	12
SAMN10697480	12
SAMN10697481	12
SAMN10697482	12
SAMN10697483	12
SAMN10697484	12
SAMN10697485	12
SAMN10697486	12
SAMN10697487	12
SAMN10697488	12
SAMN10697489	12
SAMN10697490	12
SAMN10697491	12
SAMN10697492	12
SAMN10697493	12
SAMN10697494	12
SAMN10697495	12
SAMN10697496	12
SAMN10697497	12
SAMN10697498	12
SAMN10697499	12
SAMN10697500	12
SAMN10697501	12
SAMN10697502	12
SAMN10697503	12
SAMN10697504	12
SAMN10697505	12
SAMN10697506	12
SAMN10697507	12
SAMN10697508	12
SAMN10697509	12
SAMN10697510	12
SAMN10697511	12
SAMN10697512	12
SAMN10697513	12
SAMN10697514	12
SAMN10697515	12
SAMN10697516	12
SAMN10697517	12
SAMN10697518	12
SAMN10697519	12
SAMN10697520	12
SAMN10697521	12
SAMN10697522	12
SAMN10697523	12
SAMN10697524	12
SAMN10697525	12
SAMN10697526	12
SAMN10697527	12
SAMN10697528	12
SAMN10697529	12
SAMN10697530	12
SAMN10697531	12
SAMN10697532	12
SAMN10697533	12
SAMN10697534	12
SAMN10697535	12
SAMN10697536	12
SAMN10697537	12
SAMN10697538	12
SAMN10697539	12
SAMN10697540	12
SAMN10697541	12
SAMN10697542	12
SAMN10697543	12
SAMN10697544	12
SAMN10697545	12
SAMN10697546	12
SAMN10697547	12
SAMN10697548	12
SAMN10697549	12
SAMN10697550	12
SAMN10697551	12
SAMN10697552	12
SAMN10697553	12
SAMN10697554	12
SAMN10697555	12
SAMN10697556	12
SAMN10697557	12
SAMN10697558	12
SAMN10697559	12
SAMN10697560	12
SAMN10697561	12
SAMN10697562	12
SAMN10697563	12
SAMN10697564	12
SAMN10697565	12
SAMN10697566	12
SAMN10697567	12
SAMN10697568	12
SAMN10697569	12
SAMN10697570	12
SAMN10697571	12
SAMN10697572	12
SAMN10697573	12
SAMN10697574	12
SAMN10697575	12
SAMN10697576	12
SAMN10697577	12
SAMN10697578	12
SAMN10697579	12
SAMN10697580	12
SAMN10697581	12
SAMN10697582	12
SAMN10697583	12
SAMN10697585	12
SAMN10697586	12
SAMN10697587	12
SAMN10697588	12
SAMN10697589	12
SAMN10697590	12
SAMN10697591	12
SAMN10697592	12
SAMN10697593	12
SAMN10697594	12
SAMN10697595	12
SAMN10697596	12
SAMN10697597	12
SAMN10697598	12
SAMN10697599	12
SAMN10697600	12
SAMN10697601	12
SAMN10697602	12
SAMN10697603	12
SAMN10697604	12
SAMN10697605	12
SAMN10697606	12
SAMN10697607	12
SAMN10697608	12
SAMN10697609	12
SAMN10697610	12
SAMN10697611	12
SAMN10697612	12
SAMN10697613	12
SAMN10697614	12
SAMN10697615	12
SAMN10697616	12
SAMN10697617	12
SAMN10697618	12
SAMN10697619	12
SAMN10697620	12
SAMN10697621	12
SAMN10697622	12
SAMN10697623	12
SAMN10697624	12
SAMN10697625	12
SAMN10697626	12
SAMN10697627	12
SAMN10697628	12
SAMN10697629	12
SAMN10697630	12
SAMN10697631	12
SAMN10697632	12
SAMN10697633	12
SAMN10697634	12
SAMN10697635	12
SAMN10697636	12
SAMN10697637	12
SAMN10697638	12
SAMN10697639	12
SAMN10697640	12
SAMN10697642	12
SAMN10697643	12
SAMN10697644	12
SAMN10697645	12
SAMN10697646	12
SAMN10697647	12
SAMN10697648	12
SAMN10697649	12
SAMN10697650	12
SAMN10697651	12
SAMN10697652	12
SAMN10697653	12
SAMN10697654	12
SAMN10697655	12
SAMN10697656	12
SAMN10697657	12
SAMN10697658	12
SAMN10697659	12
SAMN10697660	12
SAMN10697661	12
SAMN10697662	12
SAMN10697663	12
SAMN10697664	12
SAMN10697665	12
SAMN10697666	12
SAMN10697667	12
SAMN10697668	12
SAMN10697669	12
SAMN10697670	12
SAMN10697671	12
SAMN10697672	12
SAMN10697673	12
SAMN10697674	12
SAMN10697675	12
SAMN10697676	12
SAMN10697677	12
SAMN10697678	12
SAMN10697679	12
SAMN10697680	12
SAMN10697681	12
SAMN10697682	12
SAMN10697683	12
SAMN10697684	12
SAMN10697685	12
SAMN10697686	12
SAMN10697687	12
SAMN10697688	12
SAMN10697689	12
SAMN10697690	12
SAMN10697691	12
SAMN10697692	12
SAMN10697693	12
SAMN10697694	12
SAMN10697695	12
SAMN10697696	12
SAMN10697697	12
SAMN10697698	12
SAMN10697699	12
SAMN10697700	12
SAMN10697701	12
SAMN10697702	12
SAMN10697703	12
SAMN10697704	12
SAMN10697705	12
SAMN10697706	12
SAMN10697707	12
SAMN10697708	12
SAMN10697709	12
SAMN10697710	12
SAMN10697711	12
SAMN10697712	12
SAMN10697713	12
SAMN10697714	12
SAMN10697715	12
SAMN10697716	12
SAMN10697717	12
SAMN10697718	12
SAMN10697719	12
SAMN10697720	12
SAMN10697721	12
SAMN10697722	12
SAMN10697723	12
SAMN10697724	12
SAMN10697725	12
SAMN10697726	12
SAMN10697727	12
SAMN10697728	12
SAMN10697729	12
SAMN10697730	12
SAMN10697731	12
SAMN10697732	12
SAMN10697733	12
SAMN10697734	12
SAMN10697735	12
SAMN10697736	12
SAMN10697737	12
SAMN10697738	12
SAMN10697739	12
SAMN10697740	12
SAMN10697741	12
SAMN10697742	12
SAMN10697743	12
SAMN10697744	12
SAMN10697745	12
SAMN10697746	12
SAMN10697747	12
SAMN10697748	12
SAMN10697749	12
SAMN10697750	12
SAMN10697751	12
SAMN10697752	12
SAMN10697753	12
SAMN10697754	12
SAMN10697755	12
SAMN10697756	12
SAMN10697757	12
SAMN10697758	12
SAMN10697759	12
SAMN10697760	12
SAMN10697761	12
SAMN10697762	12
SAMN10697763	12
SAMN10697764	12
SAMN10697765	12
SAMN10697766	12
SAMN10697767	12
SAMN10697768	12
SAMN10697769	12
SAMN10697770	12
SAMN10697771	12
SAMN10697772	12
SAMN10697773	12
SAMN10697774	12
SAMN10697775	12
SAMN10697776	12
SAMN10697777	12
SAMN10697778	12
SAMN10697779	12
SAMN10697780	12
SAMN10697781	12
SAMN10697782	12
SAMN10697783	12
SAMN10697784	12
SAMN10697785	12
SAMN10697786	12
SAMN10697787	12
SAMN10697788	12
SAMN10697789	12
SAMN10697790	12
SAMN10697791	12
SAMN10697792	12
SAMN10697793	12
SAMN10697794	12
SAMN10697795	12
SAMN10697796	12
SAMN10697797	12
SAMN10697798	12
SAMN10697799	12
SAMN10697800	12
SAMN10697801	12
SAMN10697802	12
SAMN10697803	12
SAMN10697804	12
SAMN10697805	12
SAMN10697806	12
SAMN10697807	12
SAMN10697808	12
SAMN10697809	12
SAMN10697810	12
SAMN10697811	12
SAMN10697812	12
SAMN10697813	12
SAMN10697814	12
SAMN10697815	12
SAMN10697816	12
SAMN10697817	12
SAMN10697818	12
SAMN10697819	12
SAMN10697820	12
SAMN10697821	12
SAMN10697822	12
SAMN10697823	12
SAMN10697824	12
SAMN10697825	12
SAMN10697826	12
SAMN10697827	12
SAMN10697828	12
SAMN10697829	12
SAMN10697830	12
SAMN10697831	12
SAMN10697832	12
SAMN10697833	12
SAMN10697834	12
SAMN10697835	12
SAMN10697836	12
SAMN10697837	12
SAMN10697838	12
SAMN10697839	12
SAMN10697840	12
SAMN10697841	12
SAMN10697842	12
SAMN10697843	12
SAMN10697844	12
SAMN10697845	12
SAMN10697846	12
SAMN10697847	12
SAMN10697848	12
SAMN10697849	12
SAMN10697850	12
SAMN10697851	12
SAMN10697852	12
SAMN10697853	12
SAMN10697854	12
SAMN10697855	12
SAMN10697856	12
SAMN10697857	12
SAMN10697858	12
SAMN10697859	12
SAMN10697860	12
SAMN10697861	12
SAMN10697862	12
SAMN10697863	12
SAMN10697864	12
SAMN10697865	12
SAMN10697866	12
SAMN10697867	12
SAMN10697868	12
SAMN10697869	12
SAMN10697870	12
SAMN10697871	12
SAMN10697872	12
SAMN10697873	12
SAMN10697874	12
SAMN10697875	12
SAMN10697876	12
SAMN10697877	12
SAMN10697878	12
SAMN10697879	12
SAMN10697880	12
SAMN10697881	12
SAMN10697882	12
SAMN10697883	12
SAMN10697884	12
SAMN10697885	12
SAMN10697886	12
SAMN10697887	12
SAMN10697888	12
SAMN10697889	12
SAMN10697890	12
SAMN10697891	12
SAMN10697892	12
SAMN10697893	12
SAMN10697894	12
SAMN10697895	12
SAMN11523165	7.1986
SAMN11620726	1.831239
SAMN11620747	1.831239
SAMN11620770	1.831239
SAMN11620795	1.831239
SAMN11620796	1.831239
SAMN11620797	1.831239
SAMN11620807	1.831239
SAMN11620808	1.831239
SAMN11620809	1.831239
SAMN11620810	1.831239
SAMN11620847	1.831239
SAMN11620937	1.831239
SAMN11954087	16.6821
SAMN12126281	57.3827
SAMN12216145	23.55
SAMN12429790	49.7623156
SAMN12429791	49.7623156
SAMN12429792	49.7623156
SAMN12429793	49.7623156
SAMN12429794	49.7623156
SAMN12429795	49.2186094
SAMN12429796	50.0759339
SAMN12429797	50.0759339
SAMN12429798	50.0759339
SAMN12429799	49.2186094
SAMN12429800	49.2186094
SAMN12429801	49.2186094
SAMN12429802	49.7623156
SAMN12429803	49.7623156
SAMN12429804	49.7623156
SAMN12429805	49.7623156
SAMN12429806	49.7623156
SAMN12429807	49.7623156
SAMN12429808	49.7623156
SAMN12429809	49.7623156
SAMN12429810	49.7623156
SAMN12429811	49.7623156
SAMN12429812	49.7623156
SAMN12429813	49.7623156
SAMN12429814	49.7623156
SAMN12429815	49.7623156
SAMN12429816	50.0759339
SAMN12429817	50.0759339
SAMN12429818	50.0759339
SAMN12429819	49.7623156
SAMN12429820	49.7623156
SAMN12429821	49.7623156
SAMN12429822	49.7623156
SAMN12429823	49.7623156
SAMN12429824	49.7623156
SAMN12429825	49.7623156
SAMN12429826	49.7623156
SAMN12429827	49.7623156
SAMN12429828	49.7623156
SAMN12429829	49.7623156
SAMN12537184	44.32
SAMN12537185	44.32
SAMN12537186	45.42
SAMN12537187	45.42
SAMN12537188	45.42
SAMN12726462	51.16
SAMN12785870	17
SAMN12816907	37.7870
SAMN12877714	5.980
SAMN12878103	5.980
SAMN12878104	5.980
SAMN12878105	5.980
SAMN12878106	5.980
SAMN12878107	5.980
SAMN12878108	5.980
SAMN12878111	5.980
SAMN12911364	5.980
SAMN13556300	23.82
SAMN14053477	22.2511
SAMN14053478	22.2511
SAMN14299286	51.17
SAMN14299287	51.17
SAMN14598146	53.55
SAMN15348336	9.3077
SAMN15832760	48.8032
SAMN15963001	54.9884804
SAMN16605479	42.41
SAMN16808033	2.9935
SAMN16808034	3.0449
SAMN16808035	3.1390
SAMN16808036	3.1390
SAMN16808037	3.1390
SAMN16808038	3.1390
SAMN16808039	3.1390
SAMN16808040	3.1390
SAMN16808041	3.0449
SAMN16808042	3.1390
SAMN16808043	2.9935
SAMN16808044	3.1390
SAMN16808045	3.1390
SAMN16808046	2.7895
SAMN16808047	3.0449
SAMN16808048	3.1390
SAMN16808049	3.2637
SAMN16808050	3.0220
SAMN16808051	3.1390
SAMN16808052	3.1390
SAMN16808053	3.1390
SAMN16808054	3.1390
SAMN16808055	3.1390
SAMN16808056	3.1665
SAMN16808057	3.1665
SAMN16808058	3.1390
SAMN16808059	3.0733
SAMN16808060	3.1390
SAMN16808061	3.1390
SAMN16808062	3.1390
SAMN16808063	3.1278
SAMN16808064	3.0449
SAMN16808065	2.9935
SAMN16808066	3.2637
SAMN16808067	3.1390
SAMN16808068	3.1390
SAMN16808069	3.1390
SAMN16808070	2.9935
SAMN16808071	3.1390
SAMN16808072	3.1390
SAMN16808073	3.1390
SAMN16808074	3.2637
SAMN16808075	3.1390
SAMN16808076	3.1390
SAMN16808077	3.1390
SAMN16808078	3.1390
SAMN16808079	3.1390
SAMN16808080	3.1390
SAMN16808081	3.1390
SAMN16808082	3.1390
SAMN16808083	3.1390
SAMN16808084	3.0449
SAMN16808085	3.1390
SAMN16808086	3.1390
SAMN16808087	3.1390
SAMN16808088	3.1390
SAMN18056856	55.784544
SAMN18056929	55.784544
SAMN18614372	12
SAMN19960505	13.04
SAMN20600143	28.2180
SAMN20600144	28.2180
SAMN20600146	28.2180
SAMN20600150	28.2180
SAMN20600152	28.2180
SAMN20600154	28.2180
SAMN20600155	28.2180
SAMN20600163	28.2180
SAMN21018175	9.8682
SAMN21018176	15.1282
SAMN21018177	16.4713
SAMN21018178	13.0588
SAMN21194396	51.82721
SAMN21558691	54.9884804
SAMN21593408	42.6977
SAMN21593409	42.6977
SAMN21593410	42.6977
SAMN21593411	42.6977
SAMN21593412	42.6977
SAMN21593413	42.6977
SAMN21593414	42.6977
SAMN21593415	42.6977
SAMN21593416	42.6977
SAMN21593417	42.6977
SAMN21593418	42.6977
SAMN21593419	42.6977
SAMN21593420	42.6977
SAMN21593421	42.6977
SAMN21593422	42.6977
SAMN21593423	42.6977
SAMN21593424	42.6977
SAMN21593425	42.6977
SAMN21593426	42.6977
SAMN21593427	42.6977
SAMN21593428	42.6977
SAMN21593429	42.6977
SAMN21593430	42.6977
SAMN21593431	42.6977
SAMN21593432	42.6977
SAMN21593433	42.6977
SAMN21593434	42.6977
SAMN21593435	42.6977
SAMN21593436	42.6977
SAMN21593437	42.6977
SAMN21593438	42.6977
SAMN21593439	42.6977
SAMN21593440	42.6977
SAMN21593441	42.6977
SAMN21593442	42.6977
SAMN21593443	42.6977
SAMN21593444	42.6977
SAMN21593445	42.6977
SAMN21593446	42.6977
SAMN21593447	42.6977
SAMN21593448	42.6977
SAMN21593449	42.6977
SAMN21593450	42.6977
SAMN21593451	42.6977
SAMN21593452	42.6977
SAMN21593453	42.6977
SAMN21593454	42.6977
SAMN21593455	42.6977
SAMN21593456	42.6977
SAMN21593457	42.6977
SAMN21593458	42.6977
SAMN21593459	42.6977
SAMN21593460	42.6977
SAMN21593461	42.6977
SAMN21593462	42.6977
SAMN21593463	42.6977
SAMN21593464	42.6977
SAMN21593465	42.6977
SAMN21593466	42.6977
SAMN21593467	42.6977
SAMN21593468	42.6977
SAMN21593469	42.6977
SAMN21593470	42.6977
SAMN21593471	42.6977
SAMN21593472	42.6977
SAMN21593473	42.6977
SAMN21593474	42.6977
SAMN21593475	42.6977
SAMN21593476	42.6977
SAMN21593477	42.6977
SAMN21593478	42.6977
SAMN21593479	42.6977
SAMN21593480	42.6977
SAMN21593481	42.6977
SAMN21593482	42.6977
SAMN21593483	42.6977
SAMN21593484	42.6977
SAMN22322590	40.76091
SAMN23441947	54.9884804
SAMN27028218	32.02
SAMN27028219	32.02
SAMN27028220	32.02
SAMN27028221	32.02
