BioSample	longitude
SAMD00000334	139.7262
SAMD00065354	135.8
SAMN02688394	120.32
SAMN02713587	44.47
SAMN02731427	79.98
SAMN02767600	126.49
SAMN02797826	120.32
SAMN02797828	120.32
SAMN02820311	100
SAMN02848645	80.249562
SAMN02874015	121.03
SAMN02887314	116.65
SAMN02943514	106
SAMN02943515	106
SAMN03002394	80.249562
SAMN03175163	128.40
SAMN03177465	128.40
SAMN03177466	128.40
SAMN03177469	128.40
SAMN03177470	128.40
SAMN03177471	128.40
SAMN03177473	128.40
SAMN03177474	128.40
SAMN03177475	128.40
SAMN03177477	128.40
SAMN03177478	128.40
SAMN03177480	128.40
SAMN03177481	128.40
SAMN03177483	128.40
SAMN03177484	128.40
SAMN03177485	128.40
SAMN03177486	128.40
SAMN03177487	128.40
SAMN03177488	128.40
SAMN03177489	128.40
SAMN03177490	128.40
SAMN03177491	128.40
SAMN03177492	128.40
SAMN03177493	128.40
SAMN03177494	128.40
SAMN03177495	128.40
SAMN03177496	128.40
SAMN03177497	128.40
SAMN03196604	128.40
SAMN03265108	99.516670
SAMN03267964	100.18
SAMN03272559	65.21
SAMN03288261	44
SAMN03290670	127.26
SAMN03290698	101.6880
SAMN03290700	101.6880
SAMN03338741	101.7
SAMN03338742	101.7
SAMN03338743	101.7
SAMN03338744	101.7
SAMN03372109	174.770465
SAMN03460429	37.37
SAMN03496755	37.37
SAMN03776961	56.7205
SAMN03793145	100
SAMN03793146	100
SAMN03793151	100
SAMN03840761	100
SAMN03921880	68.00
SAMN03941250	120.5064
SAMN04023334	120.299
SAMN04241384	126.52161180
SAMN04479830	75.57310000
SAMN04491053	75.57310000
SAMN04492771	102.28492000
SAMN04492779	101.7000
SAMN04492780	101.7000
SAMN04492781	101.7000
SAMN04492782	101.7000
SAMN04492783	101.7000
SAMN04492784	101.7000
SAMN04492785	101.7000
SAMN04492786	101.7000
SAMN04492787	101.7000
SAMN04492789	101.7000
SAMN04492790	101.7000
SAMN04492791	101.7000
SAMN04492792	101.7000
SAMN04492793	101.7000
SAMN04517448	101.156
SAMN04550924	104.17000000
SAMN04595071	58.3931
SAMN04595072	58.3931
SAMN04599205	96.6796875
SAMN05001334	174.76329999
SAMN05187972	96.6796875
SAMN05447655	73.01600000
SAMN05447658	73.01600000
SAMN05791985	12.59
SAMN05791986	77.09
SAMN05791987	77.09
SAMN05792585	77
SAMN05825228	77
SAMN05830624	77
SAMN05830709	77
SAMN05830710	77
SAMN05830711	77
SAMN05915249	77
SAMN05915250	77
SAMN05915251	77
SAMN05915252	77
SAMN05915253	77
SAMN05915254	77
SAMN05915255	77
SAMN05915256	77
SAMN05915257	77
SAMN05915258	77
SAMN05915259	77
SAMN05915260	77
SAMN05915261	77
SAMN05915262	77
SAMN05915263	77
SAMN05915264	77
SAMN05915265	77
SAMN05915266	77
SAMN05915267	77
SAMN05915268	77
SAMN05915269	77
SAMN05915270	77
SAMN05915271	77
SAMN05915272	77
SAMN05915273	77
SAMN05915274	77
SAMN05915275	77
SAMN05915276	77
SAMN05915277	77
SAMN05915278	77
SAMN05915279	77
SAMN05915280	77
SAMN05915281	77
SAMN05915282	77
SAMN05915283	77
SAMN05915284	77
SAMN05915285	77
SAMN05915286	77
SAMN05915287	77
SAMN05915288	77
SAMN05915289	77
SAMN05915290	77
SAMN05915291	77
SAMN05915292	77
SAMN05915293	77
SAMN05916217	77
SAMN05916218	77
SAMN05916219	77
SAMN05916220	77
SAMN05916221	77
SAMN05916222	77
SAMN05916223	77
SAMN05916224	77
SAMN05916225	77
SAMN05916226	77
SAMN05916227	77
SAMN05916228	77
SAMN05916229	77
SAMN05916230	77
SAMN05916231	77
SAMN05916232	77
SAMN05916233	77
SAMN05916234	77
SAMN05916235	77
SAMN05916236	77
SAMN05916237	77
SAMN05916238	77
SAMN05916239	77
SAMN05916240	77
SAMN05916241	77
SAMN05916242	77
SAMN05916243	77
SAMN05916244	77
SAMN05916245	77
SAMN05916246	77
SAMN05916247	77
SAMN05916248	77
SAMN05916249	77
SAMN05916250	77
SAMN05916251	77
SAMN05916252	77
SAMN05916253	77
SAMN05916254	77
SAMN05916255	77
SAMN05916256	77
SAMN05916257	77
SAMN05916258	77
SAMN05916259	77
SAMN05916260	77
SAMN05916261	77
SAMN05916262	77
SAMN05916263	77
SAMN05916264	77
SAMN05916265	77
SAMN05916266	77
SAMN05916267	77
SAMN05916268	77
SAMN05916269	77
SAMN05916270	77
SAMN05916271	77
SAMN05916272	77
SAMN05916273	77
SAMN05916274	77
SAMN05916275	77
SAMN05916276	77
SAMN05916277	77
SAMN05916278	77
SAMN05916279	77
SAMN05916280	77
SAMN05916281	77
SAMN05916282	77
SAMN05916283	77
SAMN05916284	77
SAMN05916285	77
SAMN05916286	77
SAMN05916287	77
SAMN05916288	77
SAMN05916289	77
SAMN05916290	77
SAMN05916291	77
SAMN05916292	77
SAMN05916293	77
SAMN05916294	77
SAMN05916295	77
SAMN05916296	77
SAMN05916297	77
SAMN05916298	77
SAMN05916299	77
SAMN05916300	77
SAMN05916301	77
SAMN05916302	77
SAMN05916303	77
SAMN05916304	77
SAMN05916305	77
SAMN05916306	77
SAMN05916307	77
SAMN05916308	77
SAMN05916309	77
SAMN05916310	77
SAMN05916311	77
SAMN05916312	77
SAMN05916313	77
SAMN05916314	77
SAMN05916315	77
SAMN05916316	77
SAMN05916317	77
SAMN05916318	77
SAMN05916319	77
SAMN05916320	77
SAMN05916321	77
SAMN05916322	77
SAMN05916323	77
SAMN05916324	77
SAMN05916325	77
SAMN05916326	77
SAMN05916327	77
SAMN05916328	77
SAMN05916329	77
SAMN05916330	77
SAMN05916331	77
SAMN05916332	77
SAMN05916333	77
SAMN05916334	77
SAMN05916335	77
SAMN05916336	77
SAMN05916337	77
SAMN05916338	77
SAMN05916339	77
SAMN05916340	77
SAMN05916341	77
SAMN05916342	77
SAMN05916343	77
SAMN05916344	77
SAMN05916345	77
SAMN05916346	77
SAMN05916347	77
SAMN05916348	77
SAMN05916349	77
SAMN05916350	77
SAMN05916351	77
SAMN05916352	77
SAMN05916353	77
SAMN05916354	77
SAMN05916355	77
SAMN05916356	77
SAMN05916357	77
SAMN05916358	77
SAMN05916382	77
SAMN05916383	77
SAMN05916384	77
SAMN05916385	77
SAMN05916386	77
SAMN05916387	77
SAMN05916388	77
SAMN05916389	77
SAMN05916390	77
SAMN05916391	77
SAMN05916392	77
SAMN05916393	77
SAMN05916394	77
SAMN05916395	77
SAMN05916396	77
SAMN05916397	77
SAMN05916398	77
SAMN05916399	77
SAMN05916400	77
SAMN05916401	77
SAMN05916402	77
SAMN05916403	77
SAMN05916404	77
SAMN05916405	77
SAMN05916406	77
SAMN05916407	77
SAMN05916408	77
SAMN05916409	77
SAMN05916410	77
SAMN05916411	77
SAMN05916412	77
SAMN05916413	77
SAMN05916414	77
SAMN05916415	77
SAMN05916416	77
SAMN05916417	77
SAMN05916418	77
SAMN05916419	77
SAMN05916420	77
SAMN05916421	77
SAMN05916422	77
SAMN05916423	77
SAMN05916424	77
SAMN05916425	77
SAMN05916426	77
SAMN05916427	77
SAMN05916428	77
SAMN05916429	77
SAMN05916430	77
SAMN05916431	77
SAMN05916432	77
SAMN05916433	77
SAMN05916434	77
SAMN05916435	77
SAMN05916436	77
SAMN05916437	77
SAMN05916438	77
SAMN05916439	77
SAMN05916440	77
SAMN05916441	77
SAMN05916442	77
SAMN05916443	77
SAMN05916444	77
SAMN05916445	77
SAMN05916446	77
SAMN05916447	77
SAMN05916448	77
SAMN05916449	77
SAMN05916450	77
SAMN05916451	77
SAMN05916452	77
SAMN05916453	77
SAMN05916454	77
SAMN05916455	77
SAMN05916456	77
SAMN05916457	77
SAMN05916458	77
SAMN05916459	77
SAMN05916460	77
SAMN05918520	77
SAMN05918521	77
SAMN05918522	77
SAMN05918523	77
SAMN05918524	77
SAMN05918525	77
SAMN05918526	77
SAMN05918527	77
SAMN05918528	77
SAMN05918529	77
SAMN05918530	77
SAMN05918531	77
SAMN05918532	77
SAMN05918533	77
SAMN05918534	77
SAMN05918535	77
SAMN05918536	77
SAMN05918537	77
SAMN05918538	77
SAMN05918539	77
SAMN05918540	77
SAMN05918541	77
SAMN05918542	77
SAMN05918543	77
SAMN05918544	77
SAMN05918545	77
SAMN05918546	77
SAMN05918547	77
SAMN05918548	77
SAMN05918549	77
SAMN05918550	77
SAMN05918551	77
SAMN05918552	77
SAMN05918553	77
SAMN05918554	77
SAMN05918555	77
SAMN05918556	77
SAMN05918557	77
SAMN05918558	77
SAMN05918559	77
SAMN05918560	77
SAMN05918561	77
SAMN05918562	77
SAMN05918563	77
SAMN05918564	77
SAMN05918568	77
SAMN05918569	77
SAMN05918570	77
SAMN05918571	77
SAMN05918572	77
SAMN05918573	77
SAMN05918574	77
SAMN05918575	77
SAMN05918576	77
SAMN05918577	77
SAMN05918578	77
SAMN05918579	77
SAMN05918580	77
SAMN05918581	77
SAMN05918582	77
SAMN05918583	77
SAMN05918584	77
SAMN05918585	77
SAMN05918586	77
SAMN05918587	77
SAMN05918588	77
SAMN05918589	77
SAMN05918590	77
SAMN05918591	77
SAMN05918592	77
SAMN05918593	77
SAMN05918594	77
SAMN05918595	77
SAMN05918596	77
SAMN05918597	77
SAMN05918598	77
SAMN05918599	77
SAMN05918600	77
SAMN05918601	77
SAMN05918602	77
SAMN05918603	77
SAMN05918604	77
SAMN05918605	77
SAMN05918606	77
SAMN05918607	77
SAMN05918608	77
SAMN05918609	77
SAMN05918610	77
SAMN05918611	77
SAMN05918612	77
SAMN05918615	77
SAMN05918616	77
SAMN05918617	77
SAMN05918618	77
SAMN05918619	77
SAMN05918620	77
SAMN05918621	77
SAMN05918622	77
SAMN05918623	77
SAMN05918624	77
SAMN05918625	77
SAMN05918626	77
SAMN05918627	77
SAMN05918628	77
SAMN05918629	77
SAMN05918630	77
SAMN05918631	77
SAMN05918632	77
SAMN05918633	77
SAMN05918634	77
SAMN05918635	77
SAMN05918636	77
SAMN05918637	77
SAMN05918638	77
SAMN05918639	77
SAMN05918640	77
SAMN05918641	77
SAMN05918642	77
SAMN05918643	77
SAMN05918644	77
SAMN05918645	77
SAMN05918646	77
SAMN05918647	77
SAMN05918648	77
SAMN05918649	77
SAMN05918650	77
SAMN05918651	77
SAMN05918652	77
SAMN05918653	77
SAMN05918654	77
SAMN05918655	77
SAMN05918656	77
SAMN05918657	77
SAMN05918658	77
SAMN05918659	77
SAMN05918660	77
SAMN05918661	77
SAMN05918662	77
SAMN05918663	77
SAMN05918664	77
SAMN05918665	77
SAMN05918666	77
SAMN05918667	77
SAMN05918668	77
SAMN05918669	77
SAMN05918670	77
SAMN05918671	77
SAMN05918672	77
SAMN05918673	77
SAMN05918674	77
SAMN05918675	77
SAMN05918676	77
SAMN05918677	77
SAMN05918678	77
SAMN05918679	77
SAMN05918680	77
SAMN05918681	77
SAMN05918682	77
SAMN05918683	77
SAMN05918684	77
SAMN05918685	77
SAMN05918686	77
SAMN05918687	77
SAMN05918688	77
SAMN05918689	77
SAMN05918690	77
SAMN05918691	77
SAMN05918692	77
SAMN05918693	77
SAMN05918694	77
SAMN05918695	77
SAMN05918696	77
SAMN05918697	77
SAMN05918698	77
SAMN05918699	77
SAMN05918700	77
SAMN05918701	77
SAMN05918702	77
SAMN05918703	77
SAMN05918704	77
SAMN05918705	77
SAMN05918706	77
SAMN05918707	77
SAMN05918708	77
SAMN05918709	77
SAMN05918710	77
SAMN05918711	77
SAMN05918712	77
SAMN05918713	77
SAMN05918714	77
SAMN05918715	77
SAMN05918716	77
SAMN05918717	77
SAMN05918718	77
SAMN05918719	77
SAMN05918720	77
SAMN05918721	77
SAMN05918722	77
SAMN05918723	77
SAMN05918724	77
SAMN05918725	77
SAMN05918726	77
SAMN05918728	77
SAMN05918729	77
SAMN05918730	77
SAMN05918731	77
SAMN05918732	77
SAMN05918733	77
SAMN05918734	77
SAMN05918735	77
SAMN05918736	77
SAMN05918737	77
SAMN05918738	77
SAMN05918739	77
SAMN05918740	77
SAMN05918741	77
SAMN05918742	77
SAMN05918743	77
SAMN05918744	77
SAMN05918745	77
SAMN05918746	77
SAMN05918747	77
SAMN05918748	77
SAMN05918749	77
SAMN05918750	77
SAMN05918751	77
SAMN05918752	77
SAMN05918753	77
SAMN05918754	77
SAMN05918755	77
SAMN05918756	77
SAMN05918757	77
SAMN05918758	77
SAMN05918759	77
SAMN05918760	77
SAMN05918761	77
SAMN05918762	77
SAMN05918763	77
SAMN05918764	77
SAMN05918765	77
SAMN05918766	77
SAMN05918767	77
SAMN05918768	77
SAMN05918769	77
SAMN05918770	77
SAMN05918771	77
SAMN05918772	77
SAMN05918773	77
SAMN05918774	77
SAMN05918775	77
SAMN05918776	77
SAMN05918777	77
SAMN05918778	77
SAMN05918779	77
SAMN05918780	77
SAMN05918917	77
SAMN05918918	77
SAMN05918919	77
SAMN05918920	77
SAMN05918921	77
SAMN05918922	77
SAMN05918923	77
SAMN05918924	77
SAMN05918925	77
SAMN05918926	77
SAMN05918927	77
SAMN05918928	77
SAMN05918929	77
SAMN05918930	77
SAMN05918931	77
SAMN05918932	77
SAMN05918933	77
SAMN05918934	77
SAMN05918935	77
SAMN05918936	77
SAMN05918937	77
SAMN05918938	77
SAMN05918939	77
SAMN05918940	77
SAMN05918941	77
SAMN05918942	77
SAMN05918943	77
SAMN05918944	77
SAMN05918945	77
SAMN05918946	77
SAMN05918947	77
SAMN05918948	77
SAMN05918949	77
SAMN05918950	77
SAMN05918951	77
SAMN05918952	77
SAMN05918953	77
SAMN05918954	77
SAMN05918955	77
SAMN05918956	77
SAMN05918957	77
SAMN05918958	77
SAMN05918959	77
SAMN05918960	77
SAMN05919545	77
SAMN05919546	77
SAMN05919547	77
SAMN05919548	77
SAMN05919549	77
SAMN05919550	77
SAMN05919551	77
SAMN05919552	77
SAMN05919553	77
SAMN05919554	77
SAMN05919555	77
SAMN05919556	77
SAMN05919557	77
SAMN05919558	77
SAMN05919559	77
SAMN05919560	77
SAMN05919561	77
SAMN05919562	77
SAMN05919563	77
SAMN05919564	77
SAMN05919565	77
SAMN05919566	77
SAMN05919567	77
SAMN05919568	77
SAMN05919569	77
SAMN05919570	77
SAMN05919571	77
SAMN05919572	77
SAMN05919573	77
SAMN05919574	77
SAMN05919575	77
SAMN05919576	77
SAMN05919577	77
SAMN05919578	77
SAMN05919579	77
SAMN05919580	77
SAMN05919581	77
SAMN05919582	77
SAMN05919583	77
SAMN05919584	77
SAMN05919585	77
SAMN05919586	77
SAMN05919587	77
SAMN05919588	77
SAMN05919589	77
SAMN05919590	77
SAMN05919591	77
SAMN05919592	77
SAMN05919593	77
SAMN05919594	77
SAMN05919595	77
SAMN05919596	77
SAMN05919597	77
SAMN05919598	77
SAMN05919599	77
SAMN05919600	77
SAMN05919601	77
SAMN05919602	77
SAMN05919603	77
SAMN05919604	77
SAMN05919605	77
SAMN05919606	77
SAMN05919607	77
SAMN05919608	77
SAMN05919609	77
SAMN05919610	77
SAMN05919611	77
SAMN05919613	77
SAMN05919614	77
SAMN05919615	77
SAMN05919616	77
SAMN05919617	77
SAMN05919618	77
SAMN05919619	77
SAMN05919620	77
SAMN05919621	77
SAMN05919622	77
SAMN05919623	77
SAMN05919624	77
SAMN05919625	77
SAMN05919626	77
SAMN05919627	77
SAMN05919628	77
SAMN05919629	77
SAMN05919630	77
SAMN05919631	77
SAMN05919632	77
SAMN05919633	77
SAMN05919634	77
SAMN05919635	77
SAMN05919636	77
SAMN05919637	77
SAMN05919638	77
SAMN05919639	77
SAMN05919640	77
SAMN05919641	77
SAMN05919642	77
SAMN05919643	77
SAMN05919644	77
SAMN05919645	77
SAMN05919646	77
SAMN05919647	77
SAMN05919648	77
SAMN05919649	77
SAMN05919650	77
SAMN05919651	77
SAMN05919652	77
SAMN05919653	77
SAMN05919654	77
SAMN05919655	77
SAMN05919656	77
SAMN05919657	77
SAMN05919658	77
SAMN05919659	77
SAMN05919660	77
SAMN05919661	77
SAMN05919662	77
SAMN05919663	77
SAMN05919664	77
SAMN05919665	77
SAMN05919666	77
SAMN05919667	77
SAMN05919668	77
SAMN05919669	77
SAMN05919670	77
SAMN05919671	77
SAMN05933692	118.24370000
SAMN05933699	118.24370000
SAMN06010119	77
SAMN06010120	77
SAMN06010121	77
SAMN06010122	77
SAMN06010123	77
SAMN06010124	77
SAMN06010125	77
SAMN06010126	77
SAMN06010127	77
SAMN06010128	77
SAMN06010129	77
SAMN06010130	77
SAMN06010131	77
SAMN06010132	77
SAMN06010133	77
SAMN06010134	77
SAMN06010135	77
SAMN06010136	77
SAMN06010137	77
SAMN06010138	77
SAMN06010139	77
SAMN06010140	77
SAMN06010141	77
SAMN06010142	77
SAMN06010143	77
SAMN06010144	77
SAMN06010145	77
SAMN06010146	77
SAMN06010147	77
SAMN06010148	77
SAMN06010149	77
SAMN06010150	77
SAMN06010151	77
SAMN06010152	77
SAMN06010153	77
SAMN06010154	77
SAMN06010155	77
SAMN06010156	77
SAMN06010157	77
SAMN06010158	77
SAMN06010159	77
SAMN06010160	77
SAMN06010161	77
SAMN06010162	77
SAMN06010163	77
SAMN06010164	77
SAMN06010165	77
SAMN06010166	77
SAMN06010167	77
SAMN06010168	77
SAMN06010169	77
SAMN06010170	77
SAMN06010171	77
SAMN06010172	77
SAMN06010173	77
SAMN06010174	77
SAMN06010175	77
SAMN06010176	77
SAMN06010177	77
SAMN06010178	77
SAMN06010179	77
SAMN06010180	77
SAMN06010181	77
SAMN06010182	77
SAMN06010183	77
SAMN06010184	77
SAMN06010185	77
SAMN06010186	77
SAMN06010187	77
SAMN06010188	77
SAMN06010189	77
SAMN06010190	77
SAMN06010191	77
SAMN06010192	77
SAMN06010193	77
SAMN06010194	77
SAMN06010195	77
SAMN06010196	77
SAMN06010197	77
SAMN06010198	77
SAMN06010199	77
SAMN06010200	77
SAMN06010201	77
SAMN06010202	77
SAMN06010203	77
SAMN06010204	77
SAMN06010205	77
SAMN06010206	77
SAMN06010207	77
SAMN06010208	77
SAMN06010209	77
SAMN06010210	77
SAMN06010211	77
SAMN06010212	77
SAMN06010213	77
SAMN06010214	77
SAMN06010215	77
SAMN06010216	77
SAMN06010217	77
SAMN06010218	77
SAMN06010219	77
SAMN06010220	77
SAMN06010221	77
SAMN06010222	77
SAMN06010223	77
SAMN06010224	77
SAMN06010225	77
SAMN06010226	77
SAMN06010227	77
SAMN06010228	77
SAMN06010229	77
SAMN06010230	77
SAMN06010231	77
SAMN06010232	77
SAMN06010233	77
SAMN06010234	77
SAMN06010235	77
SAMN06010236	77
SAMN06010237	77
SAMN06010238	77
SAMN06010239	77
SAMN06010240	77
SAMN06010241	77
SAMN06010242	77
SAMN06010243	77
SAMN06010244	77
SAMN06010245	77
SAMN06010246	77
SAMN06010247	77
SAMN06010248	77
SAMN06010249	77
SAMN06010250	77
SAMN06010251	77
SAMN06010252	77
SAMN06010253	77
SAMN06010254	77
SAMN06010255	77
SAMN06010256	77
SAMN06010257	77
SAMN06010319	77
SAMN06010320	77
SAMN06010321	77
SAMN06010322	77
SAMN06010323	77
SAMN06010324	77
SAMN06010325	77
SAMN06010326	77
SAMN06010327	77
SAMN06010328	77
SAMN06010329	77
SAMN06010330	77
SAMN06010331	77
SAMN06010332	77
SAMN06010333	77
SAMN06010334	77
SAMN06010335	77
SAMN06010336	77
SAMN06010337	77
SAMN06010338	77
SAMN06010339	77
SAMN06010340	77
SAMN06010341	77
SAMN06010342	77
SAMN06010343	77
SAMN06010344	77
SAMN06010345	77
SAMN06010346	77
SAMN06010347	77
SAMN06010348	77
SAMN06010349	77
SAMN06010350	77
SAMN06010351	77
SAMN06010352	77
SAMN06010353	77
SAMN06010354	77
SAMN06010355	77
SAMN06010356	77
SAMN06010357	77
SAMN06010358	77
SAMN06010359	77
SAMN06010360	77
SAMN06010361	77
SAMN06010362	77
SAMN06010363	77
SAMN06010364	77
SAMN06010365	77
SAMN06010366	77
SAMN06010367	77
SAMN06010368	77
SAMN06010369	77
SAMN06010370	77
SAMN06010371	77
SAMN06010372	77
SAMN06010373	77
SAMN06010374	77
SAMN06010375	77
SAMN06010376	77
SAMN06010377	77
SAMN06010378	77
SAMN06010379	77
SAMN06010380	77
SAMN06010381	77
SAMN06010382	77
SAMN06010383	77
SAMN06010384	77
SAMN06010385	77
SAMN06010386	77
SAMN06010387	77
SAMN06010388	77
SAMN06010389	77
SAMN06010390	77
SAMN06010391	77
SAMN06010392	77
SAMN06010393	77
SAMN06010394	77
SAMN06010395	77
SAMN06010396	77
SAMN06010397	77
SAMN06010398	77
SAMN06010399	77
SAMN06010400	77
SAMN06010401	77
SAMN06010402	77
SAMN06010403	77
SAMN06010404	77
SAMN06010405	77
SAMN06010406	77
SAMN06010407	77
SAMN06010408	77
SAMN06010409	77
SAMN06010410	77
SAMN06010411	77
SAMN06010412	77
SAMN06010413	77
SAMN06010414	77
SAMN06010415	77
SAMN06010416	77
SAMN06010417	77
SAMN06010418	77
SAMN06010419	77
SAMN06010420	77
SAMN06010421	77
SAMN06010422	77
SAMN06010423	77
SAMN06010424	77
SAMN06010425	77
SAMN06010426	77
SAMN06010427	77
SAMN06010428	77
SAMN06010429	77
SAMN06010430	77
SAMN06010431	77
SAMN06010432	77
SAMN06010433	77
SAMN06010434	77
SAMN06010435	77
SAMN06010436	77
SAMN06010437	77
SAMN06010438	77
SAMN06010439	77
SAMN06010440	77
SAMN06010441	77
SAMN06010442	77
SAMN06010443	77
SAMN06010444	77
SAMN06010445	77
SAMN06010446	77
SAMN06010447	77
SAMN06010448	77
SAMN06010449	77
SAMN06010450	77
SAMN06010451	77
SAMN06010452	77
SAMN06010453	77
SAMN06010454	77
SAMN06010455	77
SAMN06010456	77
SAMN06010457	77
SAMN06010458	77
SAMN06010459	77
SAMN06010460	77
SAMN06010461	77
SAMN06010462	77
SAMN06010463	77
SAMN06010464	77
SAMN06010465	77
SAMN06010466	77
SAMN06010467	77
SAMN06010468	77
SAMN06010469	77
SAMN06010470	77
SAMN06010471	77
SAMN06010472	77
SAMN06010473	77
SAMN06010474	77
SAMN06010475	77
SAMN06010476	77
SAMN06010477	77
SAMN06010478	77
SAMN06010479	77
SAMN06010480	77
SAMN06010481	77
SAMN06010482	77
SAMN06010483	77
SAMN06010484	77
SAMN06010485	77
SAMN06010486	77
SAMN06010487	77
SAMN06010488	77
SAMN06010489	77
SAMN06010490	77
SAMN06010491	77
SAMN06010492	77
SAMN06010493	77
SAMN06094068	77
SAMN06094069	77
SAMN06094070	77
SAMN06094071	77
SAMN06094072	77
SAMN06094073	77
SAMN06094074	77
SAMN06094075	77
SAMN06094076	77
SAMN06094077	77
SAMN06094078	77
SAMN06094079	77
SAMN06094080	77
SAMN06094081	77
SAMN06094082	77
SAMN06094083	77
SAMN06094084	77
SAMN06094085	77
SAMN06094086	77
SAMN06094087	77
SAMN06094088	77
SAMN06094089	77
SAMN06094090	77
SAMN06094091	77
SAMN06094092	77
SAMN06094093	77
SAMN06094094	77
SAMN06094095	77
SAMN06094096	77
SAMN06094097	77
SAMN06094098	77
SAMN06094099	77
SAMN06094100	77
SAMN06094101	77
SAMN06094102	77
SAMN06094103	77
SAMN06094104	77
SAMN06094105	77
SAMN06094106	77
SAMN06094107	77
SAMN06094108	77
SAMN06094109	77
SAMN06094110	77
SAMN06094111	77
SAMN06094112	77
SAMN06094113	77
SAMN06094114	77
SAMN06094115	77
SAMN06094116	77
SAMN06094117	77
SAMN06094118	77
SAMN06094119	77
SAMN06094120	77
SAMN06094121	77
SAMN06094122	77
SAMN06094128	77
SAMN06094129	77
SAMN06094130	77
SAMN06094131	77
SAMN06094132	77
SAMN06094133	77
SAMN06094134	77
SAMN06094135	77
SAMN06094136	77
SAMN06094137	77
SAMN06094138	77
SAMN06094139	77
SAMN06094140	77
SAMN06094141	77
SAMN06094142	77
SAMN06094143	77
SAMN06094144	77
SAMN06094145	77
SAMN06094146	77
SAMN06094147	77
SAMN06094148	77
SAMN06094149	77
SAMN06094150	77
SAMN06094151	77
SAMN06094152	77
SAMN06094153	77
SAMN06094154	77
SAMN06094155	77
SAMN06094156	77
SAMN06094157	77
SAMN06094158	77
SAMN06094159	77
SAMN06094160	77
SAMN06094161	77
SAMN06094162	77
SAMN06094163	77
SAMN06094164	77
SAMN06094165	77
SAMN06094166	77
SAMN06094167	77
SAMN06094168	77
SAMN06094169	77
SAMN06094170	77
SAMN06094171	77
SAMN06094172	77
SAMN06094173	77
SAMN06094174	77
SAMN06094175	77
SAMN06094176	77
SAMN06094177	77
SAMN06094178	77
SAMN06094179	77
SAMN06094180	77
SAMN06094181	77
SAMN06094182	77
SAMN06094183	77
SAMN06094184	77
SAMN06094185	77
SAMN06094186	77
SAMN06094187	77
SAMN06094188	77
SAMN06094189	77
SAMN06094190	77
SAMN06094191	77
SAMN06094192	77
SAMN06094193	77
SAMN06094194	77
SAMN06094195	77
SAMN06094196	77
SAMN06094197	77
SAMN06094198	77
SAMN06094199	77
SAMN06094200	77
SAMN06094201	77
SAMN06094202	77
SAMN06094203	77
SAMN06094204	77
SAMN06094205	77
SAMN06094206	77
SAMN06094207	77
SAMN06094208	77
SAMN06094209	77
SAMN06094210	77
SAMN06094211	77
SAMN06094212	77
SAMN06094213	77
SAMN06094214	77
SAMN06094215	77
SAMN06094216	77
SAMN06094217	77
SAMN06094218	77
SAMN06094219	77
SAMN06094220	77
SAMN06094221	77
SAMN06094222	77
SAMN06094223	77
SAMN06094224	77
SAMN06094225	77
SAMN06141171	10.2039
SAMN06189363	104.17
SAMN06189364	60.35
SAMN06292065	114.1095
SAMN06292067	114.1095
SAMN06292590	114.1095
SAMN06292592	114.1095
SAMN06563651	120.98
SAMN06563652	120.98
SAMN06563653	120.98
SAMN06563654	120.98
SAMN06563655	120.98
SAMN06563656	120.98
SAMN06563657	120.98
SAMN06563658	120.98
SAMN06563659	120.98
SAMN06563660	120.98
SAMN06624811	6.45
SAMN06624812	6.45
SAMN06624814	6.45
SAMN06624815	6.45
SAMN06627426	56.5276
SAMN06627448	56.2873
SAMN06627494	57.8339
SAMN06627497	57.6275
SAMN06627533	55.2371
SAMN06627600	56.8985
SAMN06627640	57.8339
SAMN06627641	56.8985
SAMN06627643	56.2203
SAMN06627645	54.3307
SAMN06627992	56.2203
SAMN06627993	56.2203
SAMN06627994	57.8339
SAMN06627995	55.986
SAMN06627996	56.2873
SAMN06627997	56.2873
SAMN06628109	57.8339
SAMN06628110	56.2873
SAMN06628112	56.2203
SAMN06628113	56.2203
SAMN06628114	56.2203
SAMN06628115	54.3307
SAMN07236903	122.4194
SAMN07236904	122.4194
SAMN07236905	122.4194
SAMN07236906	122.4194
SAMN07236907	122.4194
SAMN07236908	122.4194
SAMN07236909	122.4194
SAMN07236910	122.4194
SAMN07236911	122.4194
SAMN07414819	114.1095
SAMN07414820	114.1095
SAMN07599849	147.0836
SAMN07664823	77.0566
SAMN07664824	77.0566
SAMN07664825	77.0566
SAMN07664826	77.0566
SAMN07664827	77.0566
SAMN07664828	77.0566
SAMN07664829	77.0566
SAMN07664830	77.0566
SAMN07664831	77.0566
SAMN07664832	77.0566
SAMN07664833	77.0566
SAMN07664834	77.0566
SAMN07664835	77.0566
SAMN07664836	77.0566
SAMN07664837	77.0566
SAMN07664838	77.0566
SAMN07664839	77.0566
SAMN07664840	77.0566
SAMN07664841	77.0566
SAMN07664842	77.0566
SAMN07664843	77.0566
SAMN07664844	77.0566
SAMN07664845	77.0566
SAMN07664846	77.0566
SAMN07664847	77.0566
SAMN07664848	77.0566
SAMN07664849	77.0566
SAMN07664850	77.0566
SAMN07664851	77.0566
SAMN07664852	77.0566
SAMN07664853	77.0566
SAMN07664854	77.0566
SAMN07664855	77.0566
SAMN07664856	77.0566
SAMN07664857	77.0566
SAMN07664858	77.0566
SAMN07664859	77.0566
SAMN07664860	77.0566
SAMN07664861	77.0566
SAMN07664862	77.0566
SAMN07664863	77.0566
SAMN07664864	77.0566
SAMN07664865	77.0566
SAMN07664866	77.0566
SAMN07664867	77.0566
SAMN07664868	77.0566
SAMN07664869	77.0566
SAMN07664870	77.0566
SAMN07664871	77.0566
SAMN07664872	77.0566
SAMN07664873	77.0566
SAMN07664874	77.0566
SAMN07664875	77.0566
SAMN07664876	77.0566
SAMN07664877	77.0566
SAMN07664878	77.0566
SAMN07664879	77.0566
SAMN07664880	77.0566
SAMN07664881	77.0566
SAMN07664882	77.0566
SAMN07664883	77.0566
SAMN07664884	77.0566
SAMN07664885	77.0566
SAMN07664886	77.0566
SAMN07664887	77.0566
SAMN07664888	77.0566
SAMN07664889	77.0566
SAMN07664890	77.0566
SAMN07701721	106.71
SAMN07701799	106.42
SAMN07709478	79.43
SAMN08095524	128.40
SAMN08095528	128.40
SAMN08095537	128.40
SAMN08095541	128.40
SAMN08095555	128.40
SAMN08095578	128.40
SAMN08199254	90.5
SAMN08199260	90.5
SAMN08199265	90.5
SAMN08199266	90.5
SAMN08199267	90.5
SAMN08199268	90.5
SAMN08199271	90.5
SAMN08199276	90.5
SAMN08199277	90.5
SAMN08199301	90.5
SAMN08199302	90.5
SAMN08199303	90.5
SAMN08199305	90.5
SAMN08199306	90.5
SAMN08199347	90.5
SAMN08199348	90.5
SAMN08386658	74.2973
SAMN08432322	75.5812
SAMN08432487	75.5812
SAMN08432953	75.5812
SAMN08432968	75.5812
SAMN08432974	75.5812
SAMN08432975	75.5812
SAMN08432976	75.5812
SAMN08432978	75.5812
SAMN08432985	75.5812
SAMN08436883	75.5812
SAMN08436884	75.5812
SAMN08437144	75.5812
SAMN08437161	75.5812
SAMN08437162	75.5812
SAMN08437188	76.5320
SAMN08437228	75.5812
SAMN08437989	74.2973
SAMN08437990	74.2973
SAMN08438036	74.2973
SAMN08462824	73.856744
SAMN08765497	73.856744
SAMN08794918	73.856744
SAMN08973501	78.0081
SAMN09206576	31.0335
SAMN09206577	31.0335
SAMN09206578	30.3436
SAMN09206579	30.9876
SAMN09206580	31.0335
SAMN09206581	30.3436
SAMN09206582	31.0335
SAMN09206583	29.9187
SAMN09206584	29.9187
SAMN09229031	116.4074
SAMN09229032	116.4074
SAMN09453176	30.366128
SAMN09477757	96.11
SAMN09566388	31.0218
SAMN09566389	31.0218
SAMN09566390	31.0218
SAMN09566391	31.0218
SAMN09566392	31.0218
SAMN09566393	31.0218
SAMN09566394	31.0218
SAMN09566395	31.0218
SAMN09566396	31.0218
SAMN09566397	31.0218
SAMN09566398	31.0218
SAMN09566399	31.0218
SAMN09566400	31.0218
SAMN09566403	31.0218
SAMN09566405	31.0218
SAMN09566406	31.0218
SAMN09566408	31.0218
SAMN09566409	31.0218
SAMN09566410	31.0218
SAMN09566411	31.0218
SAMN09566414	31.0218
SAMN09566415	31.0218
SAMN09566416	31.0218
SAMN09566417	31.0218
SAMN09566418	31.0218
SAMN09566419	31.0218
SAMN09566420	31.0218
SAMN09566421	31.0218
SAMN09566422	31.0218
SAMN09566423	31.0218
SAMN09566424	31.0218
SAMN09566425	31.0218
SAMN09566426	31.0218
SAMN09566427	31.0218
SAMN09566428	31.0218
SAMN09566429	31.0218
SAMN09566430	31.0218
SAMN09566431	31.0218
SAMN09566432	31.0218
SAMN09566433	31.0218
SAMN09566434	31.0218
SAMN09566435	31.0218
SAMN09566436	31.0218
SAMN09566437	31.0218
SAMN09566438	31.0218
SAMN09566439	31.0218
SAMN09566440	31.0218
SAMN09566441	31.0218
SAMN09566442	31.0218
SAMN09566443	31.0218
SAMN09566444	31.0218
SAMN09566445	31.0218
SAMN09566446	31.0218
SAMN09566447	31.0218
SAMN09566448	31.0218
SAMN09566449	31.0218
SAMN09566450	31.0218
SAMN09566451	31.0218
SAMN09566452	31.0218
SAMN09566453	31.0218
SAMN09566454	31.0218
SAMN09566455	31.0218
SAMN09566456	31.0218
SAMN09566457	31.0218
SAMN09566458	31.0218
SAMN09566459	31.0218
SAMN09566460	31.0218
SAMN09566461	31.0218
SAMN09566463	31.0218
SAMN09566464	31.0218
SAMN09566465	31.0218
SAMN09566466	31.0218
SAMN09566467	31.0218
SAMN09566468	31.0218
SAMN09566469	31.0218
SAMN09566470	31.0218
SAMN09566471	31.0218
SAMN09566472	31.0218
SAMN09566473	31.0218
SAMN09566474	31.0218
SAMN09566475	31.0218
SAMN09566476	31.0218
SAMN09566477	31.0218
SAMN09566478	31.0218
SAMN09566479	31.0218
SAMN09566480	31.0218
SAMN09566481	31.0218
SAMN09566482	31.0218
SAMN09566483	31.0218
SAMN09566484	31.0218
SAMN09566485	31.0218
SAMN09566486	31.0218
SAMN09566488	31.0218
SAMN09566489	31.0218
SAMN09566490	31.0218
SAMN09566491	31.0218
SAMN09566492	31.0218
SAMN09566493	31.0218
SAMN09566494	31.0218
SAMN09566495	31.0218
SAMN09566496	31.0218
SAMN09566497	31.0218
SAMN09566498	31.0218
SAMN09566499	31.0218
SAMN09566500	31.0218
SAMN09566501	31.0218
SAMN09566502	31.0218
SAMN09566503	31.0218
SAMN09566504	31.0218
SAMN09566505	31.0218
SAMN09566506	31.0218
SAMN09566507	31.0218
SAMN09566508	31.0218
SAMN09566509	31.0218
SAMN09566510	31.0218
SAMN09566511	31.0218
SAMN09566512	31.0218
SAMN09566513	31.0218
SAMN09566514	31.0218
SAMN09566515	31.0218
SAMN09566516	31.0218
SAMN09566517	31.0218
SAMN09566518	31.0218
SAMN09566519	31.0218
SAMN09566520	31.0218
SAMN09566521	31.0218
SAMN09566522	31.0218
SAMN09566523	31.0218
SAMN09566524	31.0218
SAMN09566525	31.0218
SAMN09566526	31.0218
SAMN09566527	31.0218
SAMN09566528	31.0218
SAMN09566529	31.0218
SAMN09566530	31.0218
SAMN09566531	31.0218
SAMN09566532	31.0218
SAMN09566533	31.0218
SAMN09566534	31.0218
SAMN09566535	31.0218
SAMN09566536	31.0218
SAMN09566537	31.0218
SAMN09566538	31.0218
SAMN09566539	31.0218
SAMN09566540	31.0218
SAMN09566541	31.0218
SAMN09566542	31.0218
SAMN09566543	31.0218
SAMN09566544	31.0218
SAMN09566545	31.0218
SAMN09566546	31.0218
SAMN09566547	31.0218
SAMN09566548	31.0218
SAMN09566549	31.0218
SAMN09566550	31.0218
SAMN09566551	31.0218
SAMN09566552	31.0218
SAMN09566553	31.0218
SAMN09566554	31.0218
SAMN09566555	31.0218
SAMN09566556	31.0218
SAMN09566557	31.0218
SAMN09566558	31.0218
SAMN09566559	31.0218
SAMN09566560	31.0218
SAMN09566561	31.0218
SAMN09566562	31.0218
SAMN09566563	31.0218
SAMN09566564	31.0218
SAMN09566565	31.0218
SAMN09566566	31.0218
SAMN09566567	31.0218
SAMN09566568	31.0218
SAMN09566569	31.0218
SAMN09566570	31.0218
SAMN09566571	31.0218
SAMN09566572	31.0218
SAMN09566573	31.0218
SAMN09566574	31.0218
SAMN09566575	31.0218
SAMN09566576	31.0218
SAMN09566577	31.0218
SAMN09566578	31.0218
SAMN09566579	31.0218
SAMN09566580	31.0218
SAMN09566581	31.0218
SAMN09566582	31.0218
SAMN09566583	31.0218
SAMN09566584	31.0218
SAMN09566585	31.0218
SAMN09566586	31.0218
SAMN09566587	31.0218
SAMN09566588	31.0218
SAMN09566589	31.0218
SAMN09566590	31.0218
SAMN09566591	31.0218
SAMN09566592	31.0218
SAMN09566593	31.0218
SAMN09566594	31.0218
SAMN09566595	31.0218
SAMN09566596	31.0218
SAMN09566597	31.0218
SAMN09566598	31.0218
SAMN09566599	31.0218
SAMN09566600	31.0218
SAMN09566601	31.0218
SAMN09566602	31.0218
SAMN09566603	31.0218
SAMN09566604	31.0218
SAMN09566605	31.0218
SAMN09566606	31.0218
SAMN09566607	31.0218
SAMN09566608	31.0218
SAMN09566609	31.0218
SAMN09566610	31.0218
SAMN09566611	31.0218
SAMN09566612	31.0218
SAMN09566613	31.0218
SAMN09566614	31.0218
SAMN09566615	31.0218
SAMN09566616	31.0218
SAMN09566617	31.0218
SAMN09566618	31.0218
SAMN09566619	31.0218
SAMN09566621	31.0218
SAMN09566622	31.0218
SAMN09566623	31.0218
SAMN09566624	31.0218
SAMN09566625	31.0218
SAMN09566626	31.0218
SAMN09566627	31.0218
SAMN09566628	31.0218
SAMN09566629	31.0218
SAMN09566630	31.0218
SAMN09566631	31.0218
SAMN09566632	31.0218
SAMN09566633	31.0218
SAMN09566634	31.0218
SAMN09566635	31.0218
SAMN09566636	31.0218
SAMN09566637	31.0218
SAMN09566638	31.0218
SAMN09566639	31.0218
SAMN09566640	31.0218
SAMN09566641	31.0218
SAMN09566642	31.0218
SAMN09566643	31.0218
SAMN09566644	31.0218
SAMN09566645	31.0218
SAMN09566646	31.0218
SAMN09566647	31.0218
SAMN09566648	31.0218
SAMN09566649	31.0218
SAMN09566650	31.0218
SAMN09566651	31.0218
SAMN09566652	31.0218
SAMN09566653	31.0218
SAMN09566654	31.0218
SAMN09566655	31.0218
SAMN09566656	31.0218
SAMN09566657	31.0218
SAMN09566658	31.0218
SAMN09566659	31.0218
SAMN09566660	31.0218
SAMN09566661	31.0218
SAMN09566662	31.0218
SAMN09566663	31.0218
SAMN09566664	31.0218
SAMN09566665	31.0218
SAMN09566666	31.0218
SAMN09566667	31.0218
SAMN09566668	31.0218
SAMN09566669	31.0218
SAMN09566670	31.0218
SAMN09566671	31.0218
SAMN09566672	31.0218
SAMN09566673	31.0218
SAMN09566674	31.0218
SAMN09566675	31.0218
SAMN09566676	31.0218
SAMN09566677	31.0218
SAMN09566678	31.0218
SAMN09566679	31.0218
SAMN09566680	31.0218
SAMN09566681	31.0218
SAMN09566682	31.0218
SAMN09566683	31.0218
SAMN09566684	31.0218
SAMN09566685	31.0218
SAMN09566686	31.0218
SAMN09566687	31.0218
SAMN09566688	31.0218
SAMN09566689	31.0218
SAMN09566690	31.0218
SAMN09566691	31.0218
SAMN09566692	31.0218
SAMN09566693	31.0218
SAMN09566694	31.0218
SAMN09566695	31.0218
SAMN09566696	31.0218
SAMN09566697	31.0218
SAMN09566698	31.0218
SAMN09566699	31.0218
SAMN09566700	31.0218
SAMN09566701	31.0218
SAMN09566702	31.0218
SAMN09566703	31.0218
SAMN09566704	31.0218
SAMN09566705	31.0218
SAMN09566706	31.0218
SAMN09566707	31.0218
SAMN09566708	31.0218
SAMN09566709	31.0218
SAMN09566710	31.0218
SAMN09566711	31.0218
SAMN09566712	31.0218
SAMN09566713	31.0218
SAMN09566714	31.0218
SAMN09566715	31.0218
SAMN09566716	31.0218
SAMN09566717	31.0218
SAMN09566718	31.0218
SAMN09566719	31.0218
SAMN09566720	31.0218
SAMN09566721	31.0218
SAMN09566722	31.0218
SAMN09566723	31.0218
SAMN09566724	31.0218
SAMN09566725	31.0218
SAMN09566726	31.0218
SAMN09566728	31.0218
SAMN09566729	31.0218
SAMN09566730	31.0218
SAMN09566731	31.0218
SAMN09811670	73.1234
SAMN09811671	73.1234
SAMN10219708	3.44
SAMN10219709	3.44
SAMN10278076	28.07106
SAMN10279424	28.07106
SAMN10386492	71.44
SAMN10386493	71.44
SAMN10386494	71.44
SAMN10386495	71.44
SAMN10386496	71.44
SAMN10386497	71.44
SAMN10386498	71.44
SAMN10417143	121.33
SAMN10417144	121.33
SAMN10417147	121.33
SAMN10417148	121.33
SAMN10417149	121.33
SAMN10587724	60.35
SAMN10587736	60.35
SAMN10588750	60.35
SAMN10589319	60.35
SAMN10589489	60.35
SAMN10592335	60.35
SAMN10592336	60.35
SAMN10592345	60.35
SAMN10592348	60.35
SAMN10592494	60.35
SAMN10592500	60.35
SAMN10593020	60.35
SAMN10593042	60.35
SAMN10593104	60.35
SAMN10593109	60.35
SAMN10593121	60.35
SAMN10593327	60.35
SAMN10601611	60.35
SAMN10601620	60.35
SAMN10659527	80.2707
SAMN10659528	80.2707
SAMN10659529	80.2707
SAMN10659530	80.2707
SAMN10659531	80.2707
SAMN10659532	80.2707
SAMN10659533	80.2707
SAMN10659534	80.2707
SAMN10659535	80.2707
SAMN10659536	80.2707
SAMN10697415	77
SAMN10697416	77
SAMN10697417	77
SAMN10697418	77
SAMN10697419	77
SAMN10697420	77
SAMN10697421	77
SAMN10697422	77
SAMN10697423	77
SAMN10697424	77
SAMN10697425	77
SAMN10697426	77
SAMN10697427	77
SAMN10697428	77
SAMN10697429	77
SAMN10697430	77
SAMN10697431	77
SAMN10697432	77
SAMN10697433	77
SAMN10697434	77
SAMN10697435	77
SAMN10697436	77
SAMN10697437	77
SAMN10697438	77
SAMN10697439	77
SAMN10697440	77
SAMN10697441	77
SAMN10697442	77
SAMN10697443	77
SAMN10697444	77
SAMN10697445	77
SAMN10697446	77
SAMN10697447	77
SAMN10697448	77
SAMN10697449	77
SAMN10697450	77
SAMN10697451	77
SAMN10697452	77
SAMN10697453	77
SAMN10697454	77
SAMN10697455	77
SAMN10697456	77
SAMN10697457	77
SAMN10697459	77
SAMN10697460	77
SAMN10697461	77
SAMN10697462	77
SAMN10697463	77
SAMN10697464	77
SAMN10697465	77
SAMN10697466	77
SAMN10697467	77
SAMN10697468	77
SAMN10697469	77
SAMN10697470	77
SAMN10697471	77
SAMN10697472	77
SAMN10697473	77
SAMN10697474	77
SAMN10697475	77
SAMN10697476	77
SAMN10697477	77
SAMN10697478	77
SAMN10697479	77
SAMN10697480	77
SAMN10697481	77
SAMN10697482	77
SAMN10697483	77
SAMN10697484	77
SAMN10697485	77
SAMN10697486	77
SAMN10697487	77
SAMN10697488	77
SAMN10697489	77
SAMN10697490	77
SAMN10697491	77
SAMN10697492	77
SAMN10697493	77
SAMN10697494	77
SAMN10697495	77
SAMN10697496	77
SAMN10697497	77
SAMN10697498	77
SAMN10697499	77
SAMN10697500	77
SAMN10697501	77
SAMN10697502	77
SAMN10697503	77
SAMN10697504	77
SAMN10697505	77
SAMN10697506	77
SAMN10697507	77
SAMN10697508	77
SAMN10697509	77
SAMN10697510	77
SAMN10697511	77
SAMN10697512	77
SAMN10697513	77
SAMN10697514	77
SAMN10697515	77
SAMN10697516	77
SAMN10697517	77
SAMN10697518	77
SAMN10697519	77
SAMN10697520	77
SAMN10697521	77
SAMN10697522	77
SAMN10697523	77
SAMN10697524	77
SAMN10697525	77
SAMN10697526	77
SAMN10697527	77
SAMN10697528	77
SAMN10697529	77
SAMN10697530	77
SAMN10697531	77
SAMN10697532	77
SAMN10697533	77
SAMN10697534	77
SAMN10697535	77
SAMN10697536	77
SAMN10697537	77
SAMN10697538	77
SAMN10697539	77
SAMN10697540	77
SAMN10697541	77
SAMN10697542	77
SAMN10697543	77
SAMN10697544	77
SAMN10697545	77
SAMN10697546	77
SAMN10697547	77
SAMN10697548	77
SAMN10697549	77
SAMN10697550	77
SAMN10697551	77
SAMN10697552	77
SAMN10697553	77
SAMN10697554	77
SAMN10697555	77
SAMN10697556	77
SAMN10697557	77
SAMN10697558	77
SAMN10697559	77
SAMN10697560	77
SAMN10697561	77
SAMN10697562	77
SAMN10697563	77
SAMN10697564	77
SAMN10697565	77
SAMN10697566	77
SAMN10697567	77
SAMN10697568	77
SAMN10697569	77
SAMN10697570	77
SAMN10697571	77
SAMN10697572	77
SAMN10697573	77
SAMN10697574	77
SAMN10697575	77
SAMN10697576	77
SAMN10697577	77
SAMN10697578	77
SAMN10697579	77
SAMN10697580	77
SAMN10697581	77
SAMN10697582	77
SAMN10697583	77
SAMN10697585	77
SAMN10697586	77
SAMN10697587	77
SAMN10697588	77
SAMN10697589	77
SAMN10697590	77
SAMN10697591	77
SAMN10697592	77
SAMN10697593	77
SAMN10697594	77
SAMN10697595	77
SAMN10697596	77
SAMN10697597	77
SAMN10697598	77
SAMN10697599	77
SAMN10697600	77
SAMN10697601	77
SAMN10697602	77
SAMN10697603	77
SAMN10697604	77
SAMN10697605	77
SAMN10697606	77
SAMN10697607	77
SAMN10697608	77
SAMN10697609	77
SAMN10697610	77
SAMN10697611	77
SAMN10697612	77
SAMN10697613	77
SAMN10697614	77
SAMN10697615	77
SAMN10697616	77
SAMN10697617	77
SAMN10697618	77
SAMN10697619	77
SAMN10697620	77
SAMN10697621	77
SAMN10697622	77
SAMN10697623	77
SAMN10697624	77
SAMN10697625	77
SAMN10697626	77
SAMN10697627	77
SAMN10697628	77
SAMN10697629	77
SAMN10697630	77
SAMN10697631	77
SAMN10697632	77
SAMN10697633	77
SAMN10697634	77
SAMN10697635	77
SAMN10697636	77
SAMN10697637	77
SAMN10697638	77
SAMN10697639	77
SAMN10697640	77
SAMN10697642	77
SAMN10697643	77
SAMN10697644	77
SAMN10697645	77
SAMN10697646	77
SAMN10697647	77
SAMN10697648	77
SAMN10697649	77
SAMN10697650	77
SAMN10697651	77
SAMN10697652	77
SAMN10697653	77
SAMN10697654	77
SAMN10697655	77
SAMN10697656	77
SAMN10697657	77
SAMN10697658	77
SAMN10697659	77
SAMN10697660	77
SAMN10697661	77
SAMN10697662	77
SAMN10697663	77
SAMN10697664	77
SAMN10697665	77
SAMN10697666	77
SAMN10697667	77
SAMN10697668	77
SAMN10697669	77
SAMN10697670	77
SAMN10697671	77
SAMN10697672	77
SAMN10697673	77
SAMN10697674	77
SAMN10697675	77
SAMN10697676	77
SAMN10697677	77
SAMN10697678	77
SAMN10697679	77
SAMN10697680	77
SAMN10697681	77
SAMN10697682	77
SAMN10697683	77
SAMN10697684	77
SAMN10697685	77
SAMN10697686	77
SAMN10697687	77
SAMN10697688	77
SAMN10697689	77
SAMN10697690	77
SAMN10697691	77
SAMN10697692	77
SAMN10697693	77
SAMN10697694	77
SAMN10697695	77
SAMN10697696	77
SAMN10697697	77
SAMN10697698	77
SAMN10697699	77
SAMN10697700	77
SAMN10697701	77
SAMN10697702	77
SAMN10697703	77
SAMN10697704	77
SAMN10697705	77
SAMN10697706	77
SAMN10697707	77
SAMN10697708	77
SAMN10697709	77
SAMN10697710	77
SAMN10697711	77
SAMN10697712	77
SAMN10697713	77
SAMN10697714	77
SAMN10697715	77
SAMN10697716	77
SAMN10697717	77
SAMN10697718	77
SAMN10697719	77
SAMN10697720	77
SAMN10697721	77
SAMN10697722	77
SAMN10697723	77
SAMN10697724	77
SAMN10697725	77
SAMN10697726	77
SAMN10697727	77
SAMN10697728	77
SAMN10697729	77
SAMN10697730	77
SAMN10697731	77
SAMN10697732	77
SAMN10697733	77
SAMN10697734	77
SAMN10697735	77
SAMN10697736	77
SAMN10697737	77
SAMN10697738	77
SAMN10697739	77
SAMN10697740	77
SAMN10697741	77
SAMN10697742	77
SAMN10697743	77
SAMN10697744	77
SAMN10697745	77
SAMN10697746	77
SAMN10697747	77
SAMN10697748	77
SAMN10697749	77
SAMN10697750	77
SAMN10697751	77
SAMN10697752	77
SAMN10697753	77
SAMN10697754	77
SAMN10697755	77
SAMN10697756	77
SAMN10697757	77
SAMN10697758	77
SAMN10697759	77
SAMN10697760	77
SAMN10697761	77
SAMN10697762	77
SAMN10697763	77
SAMN10697764	77
SAMN10697765	77
SAMN10697766	77
SAMN10697767	77
SAMN10697768	77
SAMN10697769	77
SAMN10697770	77
SAMN10697771	77
SAMN10697772	77
SAMN10697773	77
SAMN10697774	77
SAMN10697775	77
SAMN10697776	77
SAMN10697777	77
SAMN10697778	77
SAMN10697779	77
SAMN10697780	77
SAMN10697781	77
SAMN10697782	77
SAMN10697783	77
SAMN10697784	77
SAMN10697785	77
SAMN10697786	77
SAMN10697787	77
SAMN10697788	77
SAMN10697789	77
SAMN10697790	77
SAMN10697791	77
SAMN10697792	77
SAMN10697793	77
SAMN10697794	77
SAMN10697795	77
SAMN10697796	77
SAMN10697797	77
SAMN10697798	77
SAMN10697799	77
SAMN10697800	77
SAMN10697801	77
SAMN10697802	77
SAMN10697803	77
SAMN10697804	77
SAMN10697805	77
SAMN10697806	77
SAMN10697807	77
SAMN10697808	77
SAMN10697809	77
SAMN10697810	77
SAMN10697811	77
SAMN10697812	77
SAMN10697813	77
SAMN10697814	77
SAMN10697815	77
SAMN10697816	77
SAMN10697817	77
SAMN10697818	77
SAMN10697819	77
SAMN10697820	77
SAMN10697821	77
SAMN10697822	77
SAMN10697823	77
SAMN10697824	77
SAMN10697825	77
SAMN10697826	77
SAMN10697827	77
SAMN10697828	77
SAMN10697829	77
SAMN10697830	77
SAMN10697831	77
SAMN10697832	77
SAMN10697833	77
SAMN10697834	77
SAMN10697835	77
SAMN10697836	77
SAMN10697837	77
SAMN10697838	77
SAMN10697839	77
SAMN10697840	77
SAMN10697841	77
SAMN10697842	77
SAMN10697843	77
SAMN10697844	77
SAMN10697845	77
SAMN10697846	77
SAMN10697847	77
SAMN10697848	77
SAMN10697849	77
SAMN10697850	77
SAMN10697851	77
SAMN10697852	77
SAMN10697853	77
SAMN10697854	77
SAMN10697855	77
SAMN10697856	77
SAMN10697857	77
SAMN10697858	77
SAMN10697859	77
SAMN10697860	77
SAMN10697861	77
SAMN10697862	77
SAMN10697863	77
SAMN10697864	77
SAMN10697865	77
SAMN10697866	77
SAMN10697867	77
SAMN10697868	77
SAMN10697869	77
SAMN10697870	77
SAMN10697871	77
SAMN10697872	77
SAMN10697873	77
SAMN10697874	77
SAMN10697875	77
SAMN10697876	77
SAMN10697877	77
SAMN10697878	77
SAMN10697879	77
SAMN10697880	77
SAMN10697881	77
SAMN10697882	77
SAMN10697883	77
SAMN10697884	77
SAMN10697885	77
SAMN10697886	77
SAMN10697887	77
SAMN10697888	77
SAMN10697889	77
SAMN10697890	77
SAMN10697891	77
SAMN10697892	77
SAMN10697893	77
SAMN10697894	77
SAMN10697895	77
SAMN11523165	75.3412
SAMN11620726	78.183403
SAMN11620747	78.183403
SAMN11620770	78.183403
SAMN11620795	78.183403
SAMN11620796	78.183403
SAMN11620797	78.183403
SAMN11620807	78.183403
SAMN11620808	78.183403
SAMN11620809	78.183403
SAMN11620810	78.183403
SAMN11620847	78.183403
SAMN11620937	78.183403
SAMN11954087	49.2725
SAMN12126281	70.6166
SAMN12216145	46.63
SAMN12429790	13.3802281
SAMN12429791	13.3802281
SAMN12429792	13.3802281
SAMN12429793	13.3802281
SAMN12429794	13.3802281
SAMN12429795	16.5934917
SAMN12429796	14.4729250
SAMN12429797	14.4729250
SAMN12429798	14.4729250
SAMN12429799	16.5934917
SAMN12429800	16.5934917
SAMN12429801	16.5934917
SAMN12429802	13.3802281
SAMN12429803	13.3802281
SAMN12429804	13.3802281
SAMN12429805	13.3802281
SAMN12429806	13.3802281
SAMN12429807	13.3802281
SAMN12429808	13.3802281
SAMN12429809	13.3802281
SAMN12429810	13.3802281
SAMN12429811	13.3802281
SAMN12429812	13.3802281
SAMN12429813	13.3802281
SAMN12429814	13.3802281
SAMN12429815	13.3802281
SAMN12429816	14.4729250
SAMN12429817	14.4729250
SAMN12429818	14.4729250
SAMN12429819	13.3802281
SAMN12429820	13.3802281
SAMN12429821	13.3802281
SAMN12429822	13.3802281
SAMN12429823	13.3802281
SAMN12429824	13.3802281
SAMN12429825	13.3802281
SAMN12429826	13.3802281
SAMN12429827	13.3802281
SAMN12429828	13.3802281
SAMN12429829	13.3802281
SAMN12537184	74.13
SAMN12537185	74.13
SAMN12537186	75.69
SAMN12537187	75.69
SAMN12537188	75.69
SAMN12726462	71.44
SAMN12785870	43
SAMN12816907	175.2793
SAMN12877714	116.07
SAMN12878103	116.07
SAMN12878104	116.07
SAMN12878105	116.07
SAMN12878106	116.07
SAMN12878107	116.07
SAMN12878108	116.07
SAMN12878111	116.07
SAMN12911364	116.07
SAMN13556300	91.17
SAMN14053477	114.1732
SAMN14053478	114.1732
SAMN14299286	71.44
SAMN14299287	71.44
SAMN14598146	27.33
SAMN15348336	2.3158
SAMN15832760	2.3511
SAMN15963001	73.32423620
SAMN16605479	23.20
SAMN16808033	101.7874
SAMN16808034	101.4456
SAMN16808035	101.6869
SAMN16808036	101.6869
SAMN16808037	101.6869
SAMN16808038	101.6869
SAMN16808039	101.6869
SAMN16808040	101.6869
SAMN16808041	101.4456
SAMN16808042	101.6869
SAMN16808043	101.7874
SAMN16808044	101.6869
SAMN16808045	101.6869
SAMN16808046	101.7492
SAMN16808047	101.4456
SAMN16808048	101.6869
SAMN16808049	101.6538
SAMN16808050	101.7055
SAMN16808051	101.6869
SAMN16808052	101.6869
SAMN16808053	101.6869
SAMN16808054	101.6869
SAMN16808055	101.6869
SAMN16808056	101.7483
SAMN16808057	101.7483
SAMN16808058	101.6869
SAMN16808059	101.5185
SAMN16808060	101.6869
SAMN16808061	101.6869
SAMN16808062	101.6869
SAMN16808063	101.7524
SAMN16808064	101.4456
SAMN16808065	101.7874
SAMN16808066	101.6538
SAMN16808067	101.6869
SAMN16808068	101.6869
SAMN16808069	101.6869
SAMN16808070	101.7874
SAMN16808071	101.6869
SAMN16808072	101.6869
SAMN16808073	101.6869
SAMN16808074	101.6538
SAMN16808075	101.6869
SAMN16808076	101.6869
SAMN16808077	101.6869
SAMN16808078	101.6869
SAMN16808079	101.6869
SAMN16808080	101.6869
SAMN16808081	101.6869
SAMN16808082	101.6869
SAMN16808083	101.6869
SAMN16808084	101.4456
SAMN16808085	101.6869
SAMN16808086	101.6869
SAMN16808087	101.6869
SAMN16808088	101.6869
SAMN18056856	37.608493
SAMN18056929	37.608493
SAMN18614372	77
SAMN19960505	80.17
SAMN20600143	94.7278
SAMN20600144	94.7278
SAMN20600146	94.7278
SAMN20600150	94.7278
SAMN20600152	94.7278
SAMN20600154	94.7278
SAMN20600155	94.7278
SAMN20600163	94.7278
SAMN21018175	56.0835
SAMN21018176	58.1294
SAMN21018177	54.6371
SAMN21018178	55.9042
SAMN21194396	107.60627
SAMN21558691	73.32423620
SAMN21593408	23.3219
SAMN21593409	23.3219
SAMN21593410	23.3219
SAMN21593411	23.3219
SAMN21593412	23.3219
SAMN21593413	23.3219
SAMN21593414	23.3219
SAMN21593415	23.3219
SAMN21593416	23.3219
SAMN21593417	23.3219
SAMN21593418	23.3219
SAMN21593419	23.3219
SAMN21593420	23.3219
SAMN21593421	23.3219
SAMN21593422	23.3219
SAMN21593423	23.3219
SAMN21593424	23.3219
SAMN21593425	23.3219
SAMN21593426	23.3219
SAMN21593427	23.3219
SAMN21593428	23.3219
SAMN21593429	23.3219
SAMN21593430	23.3219
SAMN21593431	23.3219
SAMN21593432	23.3219
SAMN21593433	23.3219
SAMN21593434	23.3219
SAMN21593435	23.3219
SAMN21593436	23.3219
SAMN21593437	23.3219
SAMN21593438	23.3219
SAMN21593439	23.3219
SAMN21593440	23.3219
SAMN21593441	23.3219
SAMN21593442	23.3219
SAMN21593443	23.3219
SAMN21593444	23.3219
SAMN21593445	23.3219
SAMN21593446	23.3219
SAMN21593447	23.3219
SAMN21593448	23.3219
SAMN21593449	23.3219
SAMN21593450	23.3219
SAMN21593451	23.3219
SAMN21593452	23.3219
SAMN21593453	23.3219
SAMN21593454	23.3219
SAMN21593455	23.3219
SAMN21593456	23.3219
SAMN21593457	23.3219
SAMN21593458	23.3219
SAMN21593459	23.3219
SAMN21593460	23.3219
SAMN21593461	23.3219
SAMN21593462	23.3219
SAMN21593463	23.3219
SAMN21593464	23.3219
SAMN21593465	23.3219
SAMN21593466	23.3219
SAMN21593467	23.3219
SAMN21593468	23.3219
SAMN21593469	23.3219
SAMN21593470	23.3219
SAMN21593471	23.3219
SAMN21593472	23.3219
SAMN21593473	23.3219
SAMN21593474	23.3219
SAMN21593475	23.3219
SAMN21593476	23.3219
SAMN21593477	23.3219
SAMN21593478	23.3219
SAMN21593479	23.3219
SAMN21593480	23.3219
SAMN21593481	23.3219
SAMN21593482	23.3219
SAMN21593483	23.3219
SAMN21593484	23.3219
SAMN22322590	73.692975
SAMN23441947	73.32423620
SAMN27028218	118.46
SAMN27028219	118.46
SAMN27028220	118.46
SAMN27028221	118.46
