BioSample	NS_lat
SAMD00000334	N
SAMD00065354	N
SAMN02688394	N
SAMN02713587	N
SAMN02731427	N
SAMN02767600	N
SAMN02797826	N
SAMN02797828	N
SAMN02820311	N
SAMN02848645	N
SAMN02874015	N
SAMN02887314	N
SAMN02943514	N
SAMN02943515	N
SAMN03002394	N
SAMN03175163	N
SAMN03177465	N
SAMN03177466	N
SAMN03177469	N
SAMN03177470	N
SAMN03177471	N
SAMN03177473	N
SAMN03177474	N
SAMN03177475	N
SAMN03177477	N
SAMN03177478	N
SAMN03177480	N
SAMN03177481	N
SAMN03177483	N
SAMN03177484	N
SAMN03177485	N
SAMN03177486	N
SAMN03177487	N
SAMN03177488	N
SAMN03177489	N
SAMN03177490	N
SAMN03177491	N
SAMN03177492	N
SAMN03177493	N
SAMN03177494	N
SAMN03177495	N
SAMN03177496	N
SAMN03177497	N
SAMN03196604	N
SAMN03265108	N
SAMN03267964	N
SAMN03272559	N
SAMN03288261	S
SAMN03290670	N
SAMN03290698	N
SAMN03290700	N
SAMN03338741	N
SAMN03338742	N
SAMN03338743	N
SAMN03338744	N
SAMN03372109	S
SAMN03460429	N
SAMN03496755	N
SAMN03776961	S
SAMN03793145	N
SAMN03793146	N
SAMN03793151	N
SAMN03840761	N
SAMN03921880	N
SAMN03941250	N
SAMN04023334	N
SAMN04241384	N
SAMN04479830	N
SAMN04491053	N
SAMN04492771	N
SAMN04492779	N
SAMN04492780	N
SAMN04492781	N
SAMN04492782	N
SAMN04492783	N
SAMN04492784	N
SAMN04492785	N
SAMN04492786	N
SAMN04492787	N
SAMN04492789	N
SAMN04492790	N
SAMN04492791	N
SAMN04492792	N
SAMN04492793	N
SAMN04517448	N
SAMN04550924	N
SAMN04595071	S
SAMN04595072	S
SAMN04599205	N
SAMN05001334	S
SAMN05187972	N
SAMN05447655	N
SAMN05447658	N
SAMN05791985	N
SAMN05791986	N
SAMN05791987	N
SAMN05792585	S
SAMN05825228	S
SAMN05830624	S
SAMN05830709	S
SAMN05830710	S
SAMN05830711	S
SAMN05915249	S
SAMN05915250	S
SAMN05915251	S
SAMN05915252	S
SAMN05915253	S
SAMN05915254	S
SAMN05915255	S
SAMN05915256	S
SAMN05915257	S
SAMN05915258	S
SAMN05915259	S
SAMN05915260	S
SAMN05915261	S
SAMN05915262	S
SAMN05915263	S
SAMN05915264	S
SAMN05915265	S
SAMN05915266	S
SAMN05915267	S
SAMN05915268	S
SAMN05915269	S
SAMN05915270	S
SAMN05915271	S
SAMN05915272	S
SAMN05915273	S
SAMN05915274	S
SAMN05915275	S
SAMN05915276	S
SAMN05915277	S
SAMN05915278	S
SAMN05915279	S
SAMN05915280	S
SAMN05915281	S
SAMN05915282	S
SAMN05915283	S
SAMN05915284	S
SAMN05915285	S
SAMN05915286	S
SAMN05915287	S
SAMN05915288	S
SAMN05915289	S
SAMN05915290	S
SAMN05915291	S
SAMN05915292	S
SAMN05915293	S
SAMN05916217	S
SAMN05916218	S
SAMN05916219	S
SAMN05916220	S
SAMN05916221	S
SAMN05916222	S
SAMN05916223	S
SAMN05916224	S
SAMN05916225	S
SAMN05916226	S
SAMN05916227	S
SAMN05916228	S
SAMN05916229	S
SAMN05916230	S
SAMN05916231	S
SAMN05916232	S
SAMN05916233	S
SAMN05916234	S
SAMN05916235	S
SAMN05916236	S
SAMN05916237	S
SAMN05916238	S
SAMN05916239	S
SAMN05916240	S
SAMN05916241	S
SAMN05916242	S
SAMN05916243	S
SAMN05916244	S
SAMN05916245	S
SAMN05916246	S
SAMN05916247	S
SAMN05916248	S
SAMN05916249	S
SAMN05916250	S
SAMN05916251	S
SAMN05916252	S
SAMN05916253	S
SAMN05916254	S
SAMN05916255	S
SAMN05916256	S
SAMN05916257	S
SAMN05916258	S
SAMN05916259	S
SAMN05916260	S
SAMN05916261	S
SAMN05916262	S
SAMN05916263	S
SAMN05916264	S
SAMN05916265	S
SAMN05916266	S
SAMN05916267	S
SAMN05916268	S
SAMN05916269	S
SAMN05916270	S
SAMN05916271	S
SAMN05916272	S
SAMN05916273	S
SAMN05916274	S
SAMN05916275	S
SAMN05916276	S
SAMN05916277	S
SAMN05916278	S
SAMN05916279	S
SAMN05916280	S
SAMN05916281	S
SAMN05916282	S
SAMN05916283	S
SAMN05916284	S
SAMN05916285	S
SAMN05916286	S
SAMN05916287	S
SAMN05916288	S
SAMN05916289	S
SAMN05916290	S
SAMN05916291	S
SAMN05916292	S
SAMN05916293	S
SAMN05916294	S
SAMN05916295	S
SAMN05916296	S
SAMN05916297	S
SAMN05916298	S
SAMN05916299	S
SAMN05916300	S
SAMN05916301	S
SAMN05916302	S
SAMN05916303	S
SAMN05916304	S
SAMN05916305	S
SAMN05916306	S
SAMN05916307	S
SAMN05916308	S
SAMN05916309	S
SAMN05916310	S
SAMN05916311	S
SAMN05916312	S
SAMN05916313	S
SAMN05916314	S
SAMN05916315	S
SAMN05916316	S
SAMN05916317	S
SAMN05916318	S
SAMN05916319	S
SAMN05916320	S
SAMN05916321	S
SAMN05916322	S
SAMN05916323	S
SAMN05916324	S
SAMN05916325	S
SAMN05916326	S
SAMN05916327	S
SAMN05916328	S
SAMN05916329	S
SAMN05916330	S
SAMN05916331	S
SAMN05916332	S
SAMN05916333	S
SAMN05916334	S
SAMN05916335	S
SAMN05916336	S
SAMN05916337	S
SAMN05916338	S
SAMN05916339	S
SAMN05916340	S
SAMN05916341	S
SAMN05916342	S
SAMN05916343	S
SAMN05916344	S
SAMN05916345	S
SAMN05916346	S
SAMN05916347	S
SAMN05916348	S
SAMN05916349	S
SAMN05916350	S
SAMN05916351	S
SAMN05916352	S
SAMN05916353	S
SAMN05916354	S
SAMN05916355	S
SAMN05916356	S
SAMN05916357	S
SAMN05916358	S
SAMN05916382	S
SAMN05916383	S
SAMN05916384	S
SAMN05916385	S
SAMN05916386	S
SAMN05916387	S
SAMN05916388	S
SAMN05916389	S
SAMN05916390	S
SAMN05916391	S
SAMN05916392	S
SAMN05916393	S
SAMN05916394	S
SAMN05916395	S
SAMN05916396	S
SAMN05916397	S
SAMN05916398	S
SAMN05916399	S
SAMN05916400	S
SAMN05916401	S
SAMN05916402	S
SAMN05916403	S
SAMN05916404	S
SAMN05916405	S
SAMN05916406	S
SAMN05916407	S
SAMN05916408	S
SAMN05916409	S
SAMN05916410	S
SAMN05916411	S
SAMN05916412	S
SAMN05916413	S
SAMN05916414	S
SAMN05916415	S
SAMN05916416	S
SAMN05916417	S
SAMN05916418	S
SAMN05916419	S
SAMN05916420	S
SAMN05916421	S
SAMN05916422	S
SAMN05916423	S
SAMN05916424	S
SAMN05916425	S
SAMN05916426	S
SAMN05916427	S
SAMN05916428	S
SAMN05916429	S
SAMN05916430	S
SAMN05916431	S
SAMN05916432	S
SAMN05916433	S
SAMN05916434	S
SAMN05916435	S
SAMN05916436	S
SAMN05916437	S
SAMN05916438	S
SAMN05916439	S
SAMN05916440	S
SAMN05916441	S
SAMN05916442	S
SAMN05916443	S
SAMN05916444	S
SAMN05916445	S
SAMN05916446	S
SAMN05916447	S
SAMN05916448	S
SAMN05916449	S
SAMN05916450	S
SAMN05916451	S
SAMN05916452	S
SAMN05916453	S
SAMN05916454	S
SAMN05916455	S
SAMN05916456	S
SAMN05916457	S
SAMN05916458	S
SAMN05916459	S
SAMN05916460	S
SAMN05918520	S
SAMN05918521	S
SAMN05918522	S
SAMN05918523	S
SAMN05918524	S
SAMN05918525	S
SAMN05918526	S
SAMN05918527	S
SAMN05918528	S
SAMN05918529	S
SAMN05918530	S
SAMN05918531	S
SAMN05918532	S
SAMN05918533	S
SAMN05918534	S
SAMN05918535	S
SAMN05918536	S
SAMN05918537	S
SAMN05918538	S
SAMN05918539	S
SAMN05918540	S
SAMN05918541	S
SAMN05918542	S
SAMN05918543	S
SAMN05918544	S
SAMN05918545	S
SAMN05918546	S
SAMN05918547	S
SAMN05918548	S
SAMN05918549	S
SAMN05918550	S
SAMN05918551	S
SAMN05918552	S
SAMN05918553	S
SAMN05918554	S
SAMN05918555	S
SAMN05918556	S
SAMN05918557	S
SAMN05918558	S
SAMN05918559	S
SAMN05918560	S
SAMN05918561	S
SAMN05918562	S
SAMN05918563	S
SAMN05918564	S
SAMN05918568	S
SAMN05918569	S
SAMN05918570	S
SAMN05918571	S
SAMN05918572	S
SAMN05918573	S
SAMN05918574	S
SAMN05918575	S
SAMN05918576	S
SAMN05918577	S
SAMN05918578	S
SAMN05918579	S
SAMN05918580	S
SAMN05918581	S
SAMN05918582	S
SAMN05918583	S
SAMN05918584	S
SAMN05918585	S
SAMN05918586	S
SAMN05918587	S
SAMN05918588	S
SAMN05918589	S
SAMN05918590	S
SAMN05918591	S
SAMN05918592	S
SAMN05918593	S
SAMN05918594	S
SAMN05918595	S
SAMN05918596	S
SAMN05918597	S
SAMN05918598	S
SAMN05918599	S
SAMN05918600	S
SAMN05918601	S
SAMN05918602	S
SAMN05918603	S
SAMN05918604	S
SAMN05918605	S
SAMN05918606	S
SAMN05918607	S
SAMN05918608	S
SAMN05918609	S
SAMN05918610	S
SAMN05918611	S
SAMN05918612	S
SAMN05918615	S
SAMN05918616	S
SAMN05918617	S
SAMN05918618	S
SAMN05918619	S
SAMN05918620	S
SAMN05918621	S
SAMN05918622	S
SAMN05918623	S
SAMN05918624	S
SAMN05918625	S
SAMN05918626	S
SAMN05918627	S
SAMN05918628	S
SAMN05918629	S
SAMN05918630	S
SAMN05918631	S
SAMN05918632	S
SAMN05918633	S
SAMN05918634	S
SAMN05918635	S
SAMN05918636	S
SAMN05918637	S
SAMN05918638	S
SAMN05918639	S
SAMN05918640	S
SAMN05918641	S
SAMN05918642	S
SAMN05918643	S
SAMN05918644	S
SAMN05918645	S
SAMN05918646	S
SAMN05918647	S
SAMN05918648	S
SAMN05918649	S
SAMN05918650	S
SAMN05918651	S
SAMN05918652	S
SAMN05918653	S
SAMN05918654	S
SAMN05918655	S
SAMN05918656	S
SAMN05918657	S
SAMN05918658	S
SAMN05918659	S
SAMN05918660	S
SAMN05918661	S
SAMN05918662	S
SAMN05918663	S
SAMN05918664	S
SAMN05918665	S
SAMN05918666	S
SAMN05918667	S
SAMN05918668	S
SAMN05918669	S
SAMN05918670	S
SAMN05918671	S
SAMN05918672	S
SAMN05918673	S
SAMN05918674	S
SAMN05918675	S
SAMN05918676	S
SAMN05918677	S
SAMN05918678	S
SAMN05918679	S
SAMN05918680	S
SAMN05918681	S
SAMN05918682	S
SAMN05918683	S
SAMN05918684	S
SAMN05918685	S
SAMN05918686	S
SAMN05918687	S
SAMN05918688	S
SAMN05918689	S
SAMN05918690	S
SAMN05918691	S
SAMN05918692	S
SAMN05918693	S
SAMN05918694	S
SAMN05918695	S
SAMN05918696	S
SAMN05918697	S
SAMN05918698	S
SAMN05918699	S
SAMN05918700	S
SAMN05918701	S
SAMN05918702	S
SAMN05918703	S
SAMN05918704	S
SAMN05918705	S
SAMN05918706	S
SAMN05918707	S
SAMN05918708	S
SAMN05918709	S
SAMN05918710	S
SAMN05918711	S
SAMN05918712	S
SAMN05918713	S
SAMN05918714	S
SAMN05918715	S
SAMN05918716	S
SAMN05918717	S
SAMN05918718	S
SAMN05918719	S
SAMN05918720	S
SAMN05918721	S
SAMN05918722	S
SAMN05918723	S
SAMN05918724	S
SAMN05918725	S
SAMN05918726	S
SAMN05918728	S
SAMN05918729	S
SAMN05918730	S
SAMN05918731	S
SAMN05918732	S
SAMN05918733	S
SAMN05918734	S
SAMN05918735	S
SAMN05918736	S
SAMN05918737	S
SAMN05918738	S
SAMN05918739	S
SAMN05918740	S
SAMN05918741	S
SAMN05918742	S
SAMN05918743	S
SAMN05918744	S
SAMN05918745	S
SAMN05918746	S
SAMN05918747	S
SAMN05918748	S
SAMN05918749	S
SAMN05918750	S
SAMN05918751	S
SAMN05918752	S
SAMN05918753	S
SAMN05918754	S
SAMN05918755	S
SAMN05918756	S
SAMN05918757	S
SAMN05918758	S
SAMN05918759	S
SAMN05918760	S
SAMN05918761	S
SAMN05918762	S
SAMN05918763	S
SAMN05918764	S
SAMN05918765	S
SAMN05918766	S
SAMN05918767	S
SAMN05918768	S
SAMN05918769	S
SAMN05918770	S
SAMN05918771	S
SAMN05918772	S
SAMN05918773	S
SAMN05918774	S
SAMN05918775	S
SAMN05918776	S
SAMN05918777	S
SAMN05918778	S
SAMN05918779	S
SAMN05918780	S
SAMN05918917	S
SAMN05918918	S
SAMN05918919	S
SAMN05918920	S
SAMN05918921	S
SAMN05918922	S
SAMN05918923	S
SAMN05918924	S
SAMN05918925	S
SAMN05918926	S
SAMN05918927	S
SAMN05918928	S
SAMN05918929	S
SAMN05918930	S
SAMN05918931	S
SAMN05918932	S
SAMN05918933	S
SAMN05918934	S
SAMN05918935	S
SAMN05918936	S
SAMN05918937	S
SAMN05918938	S
SAMN05918939	S
SAMN05918940	S
SAMN05918941	S
SAMN05918942	S
SAMN05918943	S
SAMN05918944	S
SAMN05918945	S
SAMN05918946	S
SAMN05918947	S
SAMN05918948	S
SAMN05918949	S
SAMN05918950	S
SAMN05918951	S
SAMN05918952	S
SAMN05918953	S
SAMN05918954	S
SAMN05918955	S
SAMN05918956	S
SAMN05918957	S
SAMN05918958	S
SAMN05918959	S
SAMN05918960	S
SAMN05919545	S
SAMN05919546	S
SAMN05919547	S
SAMN05919548	S
SAMN05919549	S
SAMN05919550	S
SAMN05919551	S
SAMN05919552	S
SAMN05919553	S
SAMN05919554	S
SAMN05919555	S
SAMN05919556	S
SAMN05919557	S
SAMN05919558	S
SAMN05919559	S
SAMN05919560	S
SAMN05919561	S
SAMN05919562	S
SAMN05919563	S
SAMN05919564	S
SAMN05919565	S
SAMN05919566	S
SAMN05919567	S
SAMN05919568	S
SAMN05919569	S
SAMN05919570	S
SAMN05919571	S
SAMN05919572	S
SAMN05919573	S
SAMN05919574	S
SAMN05919575	S
SAMN05919576	S
SAMN05919577	S
SAMN05919578	S
SAMN05919579	S
SAMN05919580	S
SAMN05919581	S
SAMN05919582	S
SAMN05919583	S
SAMN05919584	S
SAMN05919585	S
SAMN05919586	S
SAMN05919587	S
SAMN05919588	S
SAMN05919589	S
SAMN05919590	S
SAMN05919591	S
SAMN05919592	S
SAMN05919593	S
SAMN05919594	S
SAMN05919595	S
SAMN05919596	S
SAMN05919597	S
SAMN05919598	S
SAMN05919599	S
SAMN05919600	S
SAMN05919601	S
SAMN05919602	S
SAMN05919603	S
SAMN05919604	S
SAMN05919605	S
SAMN05919606	S
SAMN05919607	S
SAMN05919608	S
SAMN05919609	S
SAMN05919610	S
SAMN05919611	S
SAMN05919613	S
SAMN05919614	S
SAMN05919615	S
SAMN05919616	S
SAMN05919617	S
SAMN05919618	S
SAMN05919619	S
SAMN05919620	S
SAMN05919621	S
SAMN05919622	S
SAMN05919623	S
SAMN05919624	S
SAMN05919625	S
SAMN05919626	S
SAMN05919627	S
SAMN05919628	S
SAMN05919629	S
SAMN05919630	S
SAMN05919631	S
SAMN05919632	S
SAMN05919633	S
SAMN05919634	S
SAMN05919635	S
SAMN05919636	S
SAMN05919637	S
SAMN05919638	S
SAMN05919639	S
SAMN05919640	S
SAMN05919641	S
SAMN05919642	S
SAMN05919643	S
SAMN05919644	S
SAMN05919645	S
SAMN05919646	S
SAMN05919647	S
SAMN05919648	S
SAMN05919649	S
SAMN05919650	S
SAMN05919651	S
SAMN05919652	S
SAMN05919653	S
SAMN05919654	S
SAMN05919655	S
SAMN05919656	S
SAMN05919657	S
SAMN05919658	S
SAMN05919659	S
SAMN05919660	S
SAMN05919661	S
SAMN05919662	S
SAMN05919663	S
SAMN05919664	S
SAMN05919665	S
SAMN05919666	S
SAMN05919667	S
SAMN05919668	S
SAMN05919669	S
SAMN05919670	S
SAMN05919671	S
SAMN05933692	N
SAMN05933699	N
SAMN06010119	S
SAMN06010120	S
SAMN06010121	S
SAMN06010122	S
SAMN06010123	S
SAMN06010124	S
SAMN06010125	S
SAMN06010126	S
SAMN06010127	S
SAMN06010128	S
SAMN06010129	S
SAMN06010130	S
SAMN06010131	S
SAMN06010132	S
SAMN06010133	S
SAMN06010134	S
SAMN06010135	S
SAMN06010136	S
SAMN06010137	S
SAMN06010138	S
SAMN06010139	S
SAMN06010140	S
SAMN06010141	S
SAMN06010142	S
SAMN06010143	S
SAMN06010144	S
SAMN06010145	S
SAMN06010146	S
SAMN06010147	S
SAMN06010148	S
SAMN06010149	S
SAMN06010150	S
SAMN06010151	S
SAMN06010152	S
SAMN06010153	S
SAMN06010154	S
SAMN06010155	S
SAMN06010156	S
SAMN06010157	S
SAMN06010158	S
SAMN06010159	S
SAMN06010160	S
SAMN06010161	S
SAMN06010162	S
SAMN06010163	S
SAMN06010164	S
SAMN06010165	S
SAMN06010166	S
SAMN06010167	S
SAMN06010168	S
SAMN06010169	S
SAMN06010170	S
SAMN06010171	S
SAMN06010172	S
SAMN06010173	S
SAMN06010174	S
SAMN06010175	S
SAMN06010176	S
SAMN06010177	S
SAMN06010178	S
SAMN06010179	S
SAMN06010180	S
SAMN06010181	S
SAMN06010182	S
SAMN06010183	S
SAMN06010184	S
SAMN06010185	S
SAMN06010186	S
SAMN06010187	S
SAMN06010188	S
SAMN06010189	S
SAMN06010190	S
SAMN06010191	S
SAMN06010192	S
SAMN06010193	S
SAMN06010194	S
SAMN06010195	S
SAMN06010196	S
SAMN06010197	S
SAMN06010198	S
SAMN06010199	S
SAMN06010200	S
SAMN06010201	S
SAMN06010202	S
SAMN06010203	S
SAMN06010204	S
SAMN06010205	S
SAMN06010206	S
SAMN06010207	S
SAMN06010208	S
SAMN06010209	S
SAMN06010210	S
SAMN06010211	S
SAMN06010212	S
SAMN06010213	S
SAMN06010214	S
SAMN06010215	S
SAMN06010216	S
SAMN06010217	S
SAMN06010218	S
SAMN06010219	S
SAMN06010220	S
SAMN06010221	S
SAMN06010222	S
SAMN06010223	S
SAMN06010224	S
SAMN06010225	S
SAMN06010226	S
SAMN06010227	S
SAMN06010228	S
SAMN06010229	S
SAMN06010230	S
SAMN06010231	S
SAMN06010232	S
SAMN06010233	S
SAMN06010234	S
SAMN06010235	S
SAMN06010236	S
SAMN06010237	S
SAMN06010238	S
SAMN06010239	S
SAMN06010240	S
SAMN06010241	S
SAMN06010242	S
SAMN06010243	S
SAMN06010244	S
SAMN06010245	S
SAMN06010246	S
SAMN06010247	S
SAMN06010248	S
SAMN06010249	S
SAMN06010250	S
SAMN06010251	S
SAMN06010252	S
SAMN06010253	S
SAMN06010254	S
SAMN06010255	S
SAMN06010256	S
SAMN06010257	S
SAMN06010319	S
SAMN06010320	S
SAMN06010321	S
SAMN06010322	S
SAMN06010323	S
SAMN06010324	S
SAMN06010325	S
SAMN06010326	S
SAMN06010327	S
SAMN06010328	S
SAMN06010329	S
SAMN06010330	S
SAMN06010331	S
SAMN06010332	S
SAMN06010333	S
SAMN06010334	S
SAMN06010335	S
SAMN06010336	S
SAMN06010337	S
SAMN06010338	S
SAMN06010339	S
SAMN06010340	S
SAMN06010341	S
SAMN06010342	S
SAMN06010343	S
SAMN06010344	S
SAMN06010345	S
SAMN06010346	S
SAMN06010347	S
SAMN06010348	S
SAMN06010349	S
SAMN06010350	S
SAMN06010351	S
SAMN06010352	S
SAMN06010353	S
SAMN06010354	S
SAMN06010355	S
SAMN06010356	S
SAMN06010357	S
SAMN06010358	S
SAMN06010359	S
SAMN06010360	S
SAMN06010361	S
SAMN06010362	S
SAMN06010363	S
SAMN06010364	S
SAMN06010365	S
SAMN06010366	S
SAMN06010367	S
SAMN06010368	S
SAMN06010369	S
SAMN06010370	S
SAMN06010371	S
SAMN06010372	S
SAMN06010373	S
SAMN06010374	S
SAMN06010375	S
SAMN06010376	S
SAMN06010377	S
SAMN06010378	S
SAMN06010379	S
SAMN06010380	S
SAMN06010381	S
SAMN06010382	S
SAMN06010383	S
SAMN06010384	S
SAMN06010385	S
SAMN06010386	S
SAMN06010387	S
SAMN06010388	S
SAMN06010389	S
SAMN06010390	S
SAMN06010391	S
SAMN06010392	S
SAMN06010393	S
SAMN06010394	S
SAMN06010395	S
SAMN06010396	S
SAMN06010397	S
SAMN06010398	S
SAMN06010399	S
SAMN06010400	S
SAMN06010401	S
SAMN06010402	S
SAMN06010403	S
SAMN06010404	S
SAMN06010405	S
SAMN06010406	S
SAMN06010407	S
SAMN06010408	S
SAMN06010409	S
SAMN06010410	S
SAMN06010411	S
SAMN06010412	S
SAMN06010413	S
SAMN06010414	S
SAMN06010415	S
SAMN06010416	S
SAMN06010417	S
SAMN06010418	S
SAMN06010419	S
SAMN06010420	S
SAMN06010421	S
SAMN06010422	S
SAMN06010423	S
SAMN06010424	S
SAMN06010425	S
SAMN06010426	S
SAMN06010427	S
SAMN06010428	S
SAMN06010429	S
SAMN06010430	S
SAMN06010431	S
SAMN06010432	S
SAMN06010433	S
SAMN06010434	S
SAMN06010435	S
SAMN06010436	S
SAMN06010437	S
SAMN06010438	S
SAMN06010439	S
SAMN06010440	S
SAMN06010441	S
SAMN06010442	S
SAMN06010443	S
SAMN06010444	S
SAMN06010445	S
SAMN06010446	S
SAMN06010447	S
SAMN06010448	S
SAMN06010449	S
SAMN06010450	S
SAMN06010451	S
SAMN06010452	S
SAMN06010453	S
SAMN06010454	S
SAMN06010455	S
SAMN06010456	S
SAMN06010457	S
SAMN06010458	S
SAMN06010459	S
SAMN06010460	S
SAMN06010461	S
SAMN06010462	S
SAMN06010463	S
SAMN06010464	S
SAMN06010465	S
SAMN06010466	S
SAMN06010467	S
SAMN06010468	S
SAMN06010469	S
SAMN06010470	S
SAMN06010471	S
SAMN06010472	S
SAMN06010473	S
SAMN06010474	S
SAMN06010475	S
SAMN06010476	S
SAMN06010477	S
SAMN06010478	S
SAMN06010479	S
SAMN06010480	S
SAMN06010481	S
SAMN06010482	S
SAMN06010483	S
SAMN06010484	S
SAMN06010485	S
SAMN06010486	S
SAMN06010487	S
SAMN06010488	S
SAMN06010489	S
SAMN06010490	S
SAMN06010491	S
SAMN06010492	S
SAMN06010493	S
SAMN06094068	S
SAMN06094069	S
SAMN06094070	S
SAMN06094071	S
SAMN06094072	S
SAMN06094073	S
SAMN06094074	S
SAMN06094075	S
SAMN06094076	S
SAMN06094077	S
SAMN06094078	S
SAMN06094079	S
SAMN06094080	S
SAMN06094081	S
SAMN06094082	S
SAMN06094083	S
SAMN06094084	S
SAMN06094085	S
SAMN06094086	S
SAMN06094087	S
SAMN06094088	S
SAMN06094089	S
SAMN06094090	S
SAMN06094091	S
SAMN06094092	S
SAMN06094093	S
SAMN06094094	S
SAMN06094095	S
SAMN06094096	S
SAMN06094097	S
SAMN06094098	S
SAMN06094099	S
SAMN06094100	S
SAMN06094101	S
SAMN06094102	S
SAMN06094103	S
SAMN06094104	S
SAMN06094105	S
SAMN06094106	S
SAMN06094107	S
SAMN06094108	S
SAMN06094109	S
SAMN06094110	S
SAMN06094111	S
SAMN06094112	S
SAMN06094113	S
SAMN06094114	S
SAMN06094115	S
SAMN06094116	S
SAMN06094117	S
SAMN06094118	S
SAMN06094119	S
SAMN06094120	S
SAMN06094121	S
SAMN06094122	S
SAMN06094128	S
SAMN06094129	S
SAMN06094130	S
SAMN06094131	S
SAMN06094132	S
SAMN06094133	S
SAMN06094134	S
SAMN06094135	S
SAMN06094136	S
SAMN06094137	S
SAMN06094138	S
SAMN06094139	S
SAMN06094140	S
SAMN06094141	S
SAMN06094142	S
SAMN06094143	S
SAMN06094144	S
SAMN06094145	S
SAMN06094146	S
SAMN06094147	S
SAMN06094148	S
SAMN06094149	S
SAMN06094150	S
SAMN06094151	S
SAMN06094152	S
SAMN06094153	S
SAMN06094154	S
SAMN06094155	S
SAMN06094156	S
SAMN06094157	S
SAMN06094158	S
SAMN06094159	S
SAMN06094160	S
SAMN06094161	S
SAMN06094162	S
SAMN06094163	S
SAMN06094164	S
SAMN06094165	S
SAMN06094166	S
SAMN06094167	S
SAMN06094168	S
SAMN06094169	S
SAMN06094170	S
SAMN06094171	S
SAMN06094172	S
SAMN06094173	S
SAMN06094174	S
SAMN06094175	S
SAMN06094176	S
SAMN06094177	S
SAMN06094178	S
SAMN06094179	S
SAMN06094180	S
SAMN06094181	S
SAMN06094182	S
SAMN06094183	S
SAMN06094184	S
SAMN06094185	S
SAMN06094186	S
SAMN06094187	S
SAMN06094188	S
SAMN06094189	S
SAMN06094190	S
SAMN06094191	S
SAMN06094192	S
SAMN06094193	S
SAMN06094194	S
SAMN06094195	S
SAMN06094196	S
SAMN06094197	S
SAMN06094198	S
SAMN06094199	S
SAMN06094200	S
SAMN06094201	S
SAMN06094202	S
SAMN06094203	S
SAMN06094204	S
SAMN06094205	S
SAMN06094206	S
SAMN06094207	S
SAMN06094208	S
SAMN06094209	S
SAMN06094210	S
SAMN06094211	S
SAMN06094212	S
SAMN06094213	S
SAMN06094214	S
SAMN06094215	S
SAMN06094216	S
SAMN06094217	S
SAMN06094218	S
SAMN06094219	S
SAMN06094220	S
SAMN06094221	S
SAMN06094222	S
SAMN06094223	S
SAMN06094224	S
SAMN06094225	S
SAMN06141171	N
SAMN06189363	N
SAMN06189364	N
SAMN06292065	N
SAMN06292067	N
SAMN06292590	N
SAMN06292592	N
SAMN06563651	N
SAMN06563652	N
SAMN06563653	N
SAMN06563654	N
SAMN06563655	N
SAMN06563656	N
SAMN06563657	N
SAMN06563658	N
SAMN06563659	N
SAMN06563660	N
SAMN06624811	N
SAMN06624812	N
SAMN06624814	N
SAMN06624815	N
SAMN06627426	S
SAMN06627448	S
SAMN06627494	S
SAMN06627497	S
SAMN06627533	S
SAMN06627600	S
SAMN06627640	S
SAMN06627641	S
SAMN06627643	S
SAMN06627645	S
SAMN06627992	S
SAMN06627993	S
SAMN06627994	S
SAMN06627995	S
SAMN06627996	S
SAMN06627997	S
SAMN06628109	S
SAMN06628110	S
SAMN06628112	S
SAMN06628113	S
SAMN06628114	S
SAMN06628115	S
SAMN07236903	N
SAMN07236904	N
SAMN07236905	N
SAMN07236906	N
SAMN07236907	N
SAMN07236908	N
SAMN07236909	N
SAMN07236910	N
SAMN07236911	N
SAMN07414819	N
SAMN07414820	N
SAMN07599849	S
SAMN07664823	S
SAMN07664824	S
SAMN07664825	S
SAMN07664826	S
SAMN07664827	S
SAMN07664828	S
SAMN07664829	S
SAMN07664830	S
SAMN07664831	S
SAMN07664832	S
SAMN07664833	S
SAMN07664834	S
SAMN07664835	S
SAMN07664836	S
SAMN07664837	S
SAMN07664838	S
SAMN07664839	S
SAMN07664840	S
SAMN07664841	S
SAMN07664842	S
SAMN07664843	S
SAMN07664844	S
SAMN07664845	S
SAMN07664846	S
SAMN07664847	S
SAMN07664848	S
SAMN07664849	S
SAMN07664850	S
SAMN07664851	S
SAMN07664852	S
SAMN07664853	S
SAMN07664854	S
SAMN07664855	S
SAMN07664856	S
SAMN07664857	S
SAMN07664858	S
SAMN07664859	S
SAMN07664860	S
SAMN07664861	S
SAMN07664862	S
SAMN07664863	S
SAMN07664864	S
SAMN07664865	S
SAMN07664866	S
SAMN07664867	S
SAMN07664868	S
SAMN07664869	S
SAMN07664870	S
SAMN07664871	S
SAMN07664872	S
SAMN07664873	S
SAMN07664874	S
SAMN07664875	S
SAMN07664876	S
SAMN07664877	S
SAMN07664878	S
SAMN07664879	S
SAMN07664880	S
SAMN07664881	S
SAMN07664882	S
SAMN07664883	S
SAMN07664884	S
SAMN07664885	S
SAMN07664886	S
SAMN07664887	S
SAMN07664888	S
SAMN07664889	S
SAMN07664890	S
SAMN07701721	N
SAMN07701799	N
SAMN07709478	N
SAMN08095524	N
SAMN08095528	N
SAMN08095537	N
SAMN08095541	N
SAMN08095555	N
SAMN08095578	N
SAMN08199254	N
SAMN08199260	N
SAMN08199265	N
SAMN08199266	N
SAMN08199267	N
SAMN08199268	N
SAMN08199271	N
SAMN08199276	N
SAMN08199277	N
SAMN08199301	N
SAMN08199302	N
SAMN08199303	N
SAMN08199305	N
SAMN08199306	N
SAMN08199347	N
SAMN08199348	N
SAMN08386658	N
SAMN08432322	N
SAMN08432487	N
SAMN08432953	N
SAMN08432968	N
SAMN08432974	N
SAMN08432975	N
SAMN08432976	N
SAMN08432978	N
SAMN08432985	N
SAMN08436883	N
SAMN08436884	N
SAMN08437144	N
SAMN08437161	N
SAMN08437162	N
SAMN08437188	N
SAMN08437228	N
SAMN08437989	N
SAMN08437990	N
SAMN08438036	N
SAMN08462824	N
SAMN08765497	N
SAMN08794918	N
SAMN08973501	N
SAMN09206576	N
SAMN09206577	N
SAMN09206578	N
SAMN09206579	N
SAMN09206580	N
SAMN09206581	N
SAMN09206582	N
SAMN09206583	N
SAMN09206584	N
SAMN09229031	N
SAMN09229032	N
SAMN09453176	N
SAMN09477757	N
SAMN09566388	S
SAMN09566389	S
SAMN09566390	S
SAMN09566391	S
SAMN09566392	S
SAMN09566393	S
SAMN09566394	S
SAMN09566395	S
SAMN09566396	S
SAMN09566397	S
SAMN09566398	S
SAMN09566399	S
SAMN09566400	S
SAMN09566403	S
SAMN09566405	S
SAMN09566406	S
SAMN09566408	S
SAMN09566409	S
SAMN09566410	S
SAMN09566411	S
SAMN09566414	S
SAMN09566415	S
SAMN09566416	S
SAMN09566417	S
SAMN09566418	S
SAMN09566419	S
SAMN09566420	S
SAMN09566421	S
SAMN09566422	S
SAMN09566423	S
SAMN09566424	S
SAMN09566425	S
SAMN09566426	S
SAMN09566427	S
SAMN09566428	S
SAMN09566429	S
SAMN09566430	S
SAMN09566431	S
SAMN09566432	S
SAMN09566433	S
SAMN09566434	S
SAMN09566435	S
SAMN09566436	S
SAMN09566437	S
SAMN09566438	S
SAMN09566439	S
SAMN09566440	S
SAMN09566441	S
SAMN09566442	S
SAMN09566443	S
SAMN09566444	S
SAMN09566445	S
SAMN09566446	S
SAMN09566447	S
SAMN09566448	S
SAMN09566449	S
SAMN09566450	S
SAMN09566451	S
SAMN09566452	S
SAMN09566453	S
SAMN09566454	S
SAMN09566455	S
SAMN09566456	S
SAMN09566457	S
SAMN09566458	S
SAMN09566459	S
SAMN09566460	S
SAMN09566461	S
SAMN09566463	S
SAMN09566464	S
SAMN09566465	S
SAMN09566466	S
SAMN09566467	S
SAMN09566468	S
SAMN09566469	S
SAMN09566470	S
SAMN09566471	S
SAMN09566472	S
SAMN09566473	S
SAMN09566474	S
SAMN09566475	S
SAMN09566476	S
SAMN09566477	S
SAMN09566478	S
SAMN09566479	S
SAMN09566480	S
SAMN09566481	S
SAMN09566482	S
SAMN09566483	S
SAMN09566484	S
SAMN09566485	S
SAMN09566486	S
SAMN09566488	S
SAMN09566489	S
SAMN09566490	S
SAMN09566491	S
SAMN09566492	S
SAMN09566493	S
SAMN09566494	S
SAMN09566495	S
SAMN09566496	S
SAMN09566497	S
SAMN09566498	S
SAMN09566499	S
SAMN09566500	S
SAMN09566501	S
SAMN09566502	S
SAMN09566503	S
SAMN09566504	S
SAMN09566505	S
SAMN09566506	S
SAMN09566507	S
SAMN09566508	S
SAMN09566509	S
SAMN09566510	S
SAMN09566511	S
SAMN09566512	S
SAMN09566513	S
SAMN09566514	S
SAMN09566515	S
SAMN09566516	S
SAMN09566517	S
SAMN09566518	S
SAMN09566519	S
SAMN09566520	S
SAMN09566521	S
SAMN09566522	S
SAMN09566523	S
SAMN09566524	S
SAMN09566525	S
SAMN09566526	S
SAMN09566527	S
SAMN09566528	S
SAMN09566529	S
SAMN09566530	S
SAMN09566531	S
SAMN09566532	S
SAMN09566533	S
SAMN09566534	S
SAMN09566535	S
SAMN09566536	S
SAMN09566537	S
SAMN09566538	S
SAMN09566539	S
SAMN09566540	S
SAMN09566541	S
SAMN09566542	S
SAMN09566543	S
SAMN09566544	S
SAMN09566545	S
SAMN09566546	S
SAMN09566547	S
SAMN09566548	S
SAMN09566549	S
SAMN09566550	S
SAMN09566551	S
SAMN09566552	S
SAMN09566553	S
SAMN09566554	S
SAMN09566555	S
SAMN09566556	S
SAMN09566557	S
SAMN09566558	S
SAMN09566559	S
SAMN09566560	S
SAMN09566561	S
SAMN09566562	S
SAMN09566563	S
SAMN09566564	S
SAMN09566565	S
SAMN09566566	S
SAMN09566567	S
SAMN09566568	S
SAMN09566569	S
SAMN09566570	S
SAMN09566571	S
SAMN09566572	S
SAMN09566573	S
SAMN09566574	S
SAMN09566575	S
SAMN09566576	S
SAMN09566577	S
SAMN09566578	S
SAMN09566579	S
SAMN09566580	S
SAMN09566581	S
SAMN09566582	S
SAMN09566583	S
SAMN09566584	S
SAMN09566585	S
SAMN09566586	S
SAMN09566587	S
SAMN09566588	S
SAMN09566589	S
SAMN09566590	S
SAMN09566591	S
SAMN09566592	S
SAMN09566593	S
SAMN09566594	S
SAMN09566595	S
SAMN09566596	S
SAMN09566597	S
SAMN09566598	S
SAMN09566599	S
SAMN09566600	S
SAMN09566601	S
SAMN09566602	S
SAMN09566603	S
SAMN09566604	S
SAMN09566605	S
SAMN09566606	S
SAMN09566607	S
SAMN09566608	S
SAMN09566609	S
SAMN09566610	S
SAMN09566611	S
SAMN09566612	S
SAMN09566613	S
SAMN09566614	S
SAMN09566615	S
SAMN09566616	S
SAMN09566617	S
SAMN09566618	S
SAMN09566619	S
SAMN09566621	S
SAMN09566622	S
SAMN09566623	S
SAMN09566624	S
SAMN09566625	S
SAMN09566626	S
SAMN09566627	S
SAMN09566628	S
SAMN09566629	S
SAMN09566630	S
SAMN09566631	S
SAMN09566632	S
SAMN09566633	S
SAMN09566634	S
SAMN09566635	S
SAMN09566636	S
SAMN09566637	S
SAMN09566638	S
SAMN09566639	S
SAMN09566640	S
SAMN09566641	S
SAMN09566642	S
SAMN09566643	S
SAMN09566644	S
SAMN09566645	S
SAMN09566646	S
SAMN09566647	S
SAMN09566648	S
SAMN09566649	S
SAMN09566650	S
SAMN09566651	S
SAMN09566652	S
SAMN09566653	S
SAMN09566654	S
SAMN09566655	S
SAMN09566656	S
SAMN09566657	S
SAMN09566658	S
SAMN09566659	S
SAMN09566660	S
SAMN09566661	S
SAMN09566662	S
SAMN09566663	S
SAMN09566664	S
SAMN09566665	S
SAMN09566666	S
SAMN09566667	S
SAMN09566668	S
SAMN09566669	S
SAMN09566670	S
SAMN09566671	S
SAMN09566672	S
SAMN09566673	S
SAMN09566674	S
SAMN09566675	S
SAMN09566676	S
SAMN09566677	S
SAMN09566678	S
SAMN09566679	S
SAMN09566680	S
SAMN09566681	S
SAMN09566682	S
SAMN09566683	S
SAMN09566684	S
SAMN09566685	S
SAMN09566686	S
SAMN09566687	S
SAMN09566688	S
SAMN09566689	S
SAMN09566690	S
SAMN09566691	S
SAMN09566692	S
SAMN09566693	S
SAMN09566694	S
SAMN09566695	S
SAMN09566696	S
SAMN09566697	S
SAMN09566698	S
SAMN09566699	S
SAMN09566700	S
SAMN09566701	S
SAMN09566702	S
SAMN09566703	S
SAMN09566704	S
SAMN09566705	S
SAMN09566706	S
SAMN09566707	S
SAMN09566708	S
SAMN09566709	S
SAMN09566710	S
SAMN09566711	S
SAMN09566712	S
SAMN09566713	S
SAMN09566714	S
SAMN09566715	S
SAMN09566716	S
SAMN09566717	S
SAMN09566718	S
SAMN09566719	S
SAMN09566720	S
SAMN09566721	S
SAMN09566722	S
SAMN09566723	S
SAMN09566724	S
SAMN09566725	S
SAMN09566726	S
SAMN09566728	S
SAMN09566729	S
SAMN09566730	S
SAMN09566731	S
SAMN09811670	N
SAMN09811671	N
SAMN10219708	N
SAMN10219709	N
SAMN10278076	S
SAMN10279424	S
SAMN10386492	N
SAMN10386493	N
SAMN10386494	N
SAMN10386495	N
SAMN10386496	N
SAMN10386497	N
SAMN10386498	N
SAMN10417143	N
SAMN10417144	N
SAMN10417147	N
SAMN10417148	N
SAMN10417149	N
SAMN10587724	N
SAMN10587736	N
SAMN10588750	N
SAMN10589319	N
SAMN10589489	N
SAMN10592335	N
SAMN10592336	N
SAMN10592345	N
SAMN10592348	N
SAMN10592494	N
SAMN10592500	N
SAMN10593020	N
SAMN10593042	N
SAMN10593104	N
SAMN10593109	N
SAMN10593121	N
SAMN10593327	N
SAMN10601611	N
SAMN10601620	N
SAMN10659527	N
SAMN10659528	N
SAMN10659529	N
SAMN10659530	N
SAMN10659531	N
SAMN10659532	N
SAMN10659533	N
SAMN10659534	N
SAMN10659535	N
SAMN10659536	N
SAMN10697415	S
SAMN10697416	S
SAMN10697417	S
SAMN10697418	S
SAMN10697419	S
SAMN10697420	S
SAMN10697421	S
SAMN10697422	S
SAMN10697423	S
SAMN10697424	S
SAMN10697425	S
SAMN10697426	S
SAMN10697427	S
SAMN10697428	S
SAMN10697429	S
SAMN10697430	S
SAMN10697431	S
SAMN10697432	S
SAMN10697433	S
SAMN10697434	S
SAMN10697435	S
SAMN10697436	S
SAMN10697437	S
SAMN10697438	S
SAMN10697439	S
SAMN10697440	S
SAMN10697441	S
SAMN10697442	S
SAMN10697443	S
SAMN10697444	S
SAMN10697445	S
SAMN10697446	S
SAMN10697447	S
SAMN10697448	S
SAMN10697449	S
SAMN10697450	S
SAMN10697451	S
SAMN10697452	S
SAMN10697453	S
SAMN10697454	S
SAMN10697455	S
SAMN10697456	S
SAMN10697457	S
SAMN10697459	S
SAMN10697460	S
SAMN10697461	S
SAMN10697462	S
SAMN10697463	S
SAMN10697464	S
SAMN10697465	S
SAMN10697466	S
SAMN10697467	S
SAMN10697468	S
SAMN10697469	S
SAMN10697470	S
SAMN10697471	S
SAMN10697472	S
SAMN10697473	S
SAMN10697474	S
SAMN10697475	S
SAMN10697476	S
SAMN10697477	S
SAMN10697478	S
SAMN10697479	S
SAMN10697480	S
SAMN10697481	S
SAMN10697482	S
SAMN10697483	S
SAMN10697484	S
SAMN10697485	S
SAMN10697486	S
SAMN10697487	S
SAMN10697488	S
SAMN10697489	S
SAMN10697490	S
SAMN10697491	S
SAMN10697492	S
SAMN10697493	S
SAMN10697494	S
SAMN10697495	S
SAMN10697496	S
SAMN10697497	S
SAMN10697498	S
SAMN10697499	S
SAMN10697500	S
SAMN10697501	S
SAMN10697502	S
SAMN10697503	S
SAMN10697504	S
SAMN10697505	S
SAMN10697506	S
SAMN10697507	S
SAMN10697508	S
SAMN10697509	S
SAMN10697510	S
SAMN10697511	S
SAMN10697512	S
SAMN10697513	S
SAMN10697514	S
SAMN10697515	S
SAMN10697516	S
SAMN10697517	S
SAMN10697518	S
SAMN10697519	S
SAMN10697520	S
SAMN10697521	S
SAMN10697522	S
SAMN10697523	S
SAMN10697524	S
SAMN10697525	S
SAMN10697526	S
SAMN10697527	S
SAMN10697528	S
SAMN10697529	S
SAMN10697530	S
SAMN10697531	S
SAMN10697532	S
SAMN10697533	S
SAMN10697534	S
SAMN10697535	S
SAMN10697536	S
SAMN10697537	S
SAMN10697538	S
SAMN10697539	S
SAMN10697540	S
SAMN10697541	S
SAMN10697542	S
SAMN10697543	S
SAMN10697544	S
SAMN10697545	S
SAMN10697546	S
SAMN10697547	S
SAMN10697548	S
SAMN10697549	S
SAMN10697550	S
SAMN10697551	S
SAMN10697552	S
SAMN10697553	S
SAMN10697554	S
SAMN10697555	S
SAMN10697556	S
SAMN10697557	S
SAMN10697558	S
SAMN10697559	S
SAMN10697560	S
SAMN10697561	S
SAMN10697562	S
SAMN10697563	S
SAMN10697564	S
SAMN10697565	S
SAMN10697566	S
SAMN10697567	S
SAMN10697568	S
SAMN10697569	S
SAMN10697570	S
SAMN10697571	S
SAMN10697572	S
SAMN10697573	S
SAMN10697574	S
SAMN10697575	S
SAMN10697576	S
SAMN10697577	S
SAMN10697578	S
SAMN10697579	S
SAMN10697580	S
SAMN10697581	S
SAMN10697582	S
SAMN10697583	S
SAMN10697585	S
SAMN10697586	S
SAMN10697587	S
SAMN10697588	S
SAMN10697589	S
SAMN10697590	S
SAMN10697591	S
SAMN10697592	S
SAMN10697593	S
SAMN10697594	S
SAMN10697595	S
SAMN10697596	S
SAMN10697597	S
SAMN10697598	S
SAMN10697599	S
SAMN10697600	S
SAMN10697601	S
SAMN10697602	S
SAMN10697603	S
SAMN10697604	S
SAMN10697605	S
SAMN10697606	S
SAMN10697607	S
SAMN10697608	S
SAMN10697609	S
SAMN10697610	S
SAMN10697611	S
SAMN10697612	S
SAMN10697613	S
SAMN10697614	S
SAMN10697615	S
SAMN10697616	S
SAMN10697617	S
SAMN10697618	S
SAMN10697619	S
SAMN10697620	S
SAMN10697621	S
SAMN10697622	S
SAMN10697623	S
SAMN10697624	S
SAMN10697625	S
SAMN10697626	S
SAMN10697627	S
SAMN10697628	S
SAMN10697629	S
SAMN10697630	S
SAMN10697631	S
SAMN10697632	S
SAMN10697633	S
SAMN10697634	S
SAMN10697635	S
SAMN10697636	S
SAMN10697637	S
SAMN10697638	S
SAMN10697639	S
SAMN10697640	S
SAMN10697642	S
SAMN10697643	S
SAMN10697644	S
SAMN10697645	S
SAMN10697646	S
SAMN10697647	S
SAMN10697648	S
SAMN10697649	S
SAMN10697650	S
SAMN10697651	S
SAMN10697652	S
SAMN10697653	S
SAMN10697654	S
SAMN10697655	S
SAMN10697656	S
SAMN10697657	S
SAMN10697658	S
SAMN10697659	S
SAMN10697660	S
SAMN10697661	S
SAMN10697662	S
SAMN10697663	S
SAMN10697664	S
SAMN10697665	S
SAMN10697666	S
SAMN10697667	S
SAMN10697668	S
SAMN10697669	S
SAMN10697670	S
SAMN10697671	S
SAMN10697672	S
SAMN10697673	S
SAMN10697674	S
SAMN10697675	S
SAMN10697676	S
SAMN10697677	S
SAMN10697678	S
SAMN10697679	S
SAMN10697680	S
SAMN10697681	S
SAMN10697682	S
SAMN10697683	S
SAMN10697684	S
SAMN10697685	S
SAMN10697686	S
SAMN10697687	S
SAMN10697688	S
SAMN10697689	S
SAMN10697690	S
SAMN10697691	S
SAMN10697692	S
SAMN10697693	S
SAMN10697694	S
SAMN10697695	S
SAMN10697696	S
SAMN10697697	S
SAMN10697698	S
SAMN10697699	S
SAMN10697700	S
SAMN10697701	S
SAMN10697702	S
SAMN10697703	S
SAMN10697704	S
SAMN10697705	S
SAMN10697706	S
SAMN10697707	S
SAMN10697708	S
SAMN10697709	S
SAMN10697710	S
SAMN10697711	S
SAMN10697712	S
SAMN10697713	S
SAMN10697714	S
SAMN10697715	S
SAMN10697716	S
SAMN10697717	S
SAMN10697718	S
SAMN10697719	S
SAMN10697720	S
SAMN10697721	S
SAMN10697722	S
SAMN10697723	S
SAMN10697724	S
SAMN10697725	S
SAMN10697726	S
SAMN10697727	S
SAMN10697728	S
SAMN10697729	S
SAMN10697730	S
SAMN10697731	S
SAMN10697732	S
SAMN10697733	S
SAMN10697734	S
SAMN10697735	S
SAMN10697736	S
SAMN10697737	S
SAMN10697738	S
SAMN10697739	S
SAMN10697740	S
SAMN10697741	S
SAMN10697742	S
SAMN10697743	S
SAMN10697744	S
SAMN10697745	S
SAMN10697746	S
SAMN10697747	S
SAMN10697748	S
SAMN10697749	S
SAMN10697750	S
SAMN10697751	S
SAMN10697752	S
SAMN10697753	S
SAMN10697754	S
SAMN10697755	S
SAMN10697756	S
SAMN10697757	S
SAMN10697758	S
SAMN10697759	S
SAMN10697760	S
SAMN10697761	S
SAMN10697762	S
SAMN10697763	S
SAMN10697764	S
SAMN10697765	S
SAMN10697766	S
SAMN10697767	S
SAMN10697768	S
SAMN10697769	S
SAMN10697770	S
SAMN10697771	S
SAMN10697772	S
SAMN10697773	S
SAMN10697774	S
SAMN10697775	S
SAMN10697776	S
SAMN10697777	S
SAMN10697778	S
SAMN10697779	S
SAMN10697780	S
SAMN10697781	S
SAMN10697782	S
SAMN10697783	S
SAMN10697784	S
SAMN10697785	S
SAMN10697786	S
SAMN10697787	S
SAMN10697788	S
SAMN10697789	S
SAMN10697790	S
SAMN10697791	S
SAMN10697792	S
SAMN10697793	S
SAMN10697794	S
SAMN10697795	S
SAMN10697796	S
SAMN10697797	S
SAMN10697798	S
SAMN10697799	S
SAMN10697800	S
SAMN10697801	S
SAMN10697802	S
SAMN10697803	S
SAMN10697804	S
SAMN10697805	S
SAMN10697806	S
SAMN10697807	S
SAMN10697808	S
SAMN10697809	S
SAMN10697810	S
SAMN10697811	S
SAMN10697812	S
SAMN10697813	S
SAMN10697814	S
SAMN10697815	S
SAMN10697816	S
SAMN10697817	S
SAMN10697818	S
SAMN10697819	S
SAMN10697820	S
SAMN10697821	S
SAMN10697822	S
SAMN10697823	S
SAMN10697824	S
SAMN10697825	S
SAMN10697826	S
SAMN10697827	S
SAMN10697828	S
SAMN10697829	S
SAMN10697830	S
SAMN10697831	S
SAMN10697832	S
SAMN10697833	S
SAMN10697834	S
SAMN10697835	S
SAMN10697836	S
SAMN10697837	S
SAMN10697838	S
SAMN10697839	S
SAMN10697840	S
SAMN10697841	S
SAMN10697842	S
SAMN10697843	S
SAMN10697844	S
SAMN10697845	S
SAMN10697846	S
SAMN10697847	S
SAMN10697848	S
SAMN10697849	S
SAMN10697850	S
SAMN10697851	S
SAMN10697852	S
SAMN10697853	S
SAMN10697854	S
SAMN10697855	S
SAMN10697856	S
SAMN10697857	S
SAMN10697858	S
SAMN10697859	S
SAMN10697860	S
SAMN10697861	S
SAMN10697862	S
SAMN10697863	S
SAMN10697864	S
SAMN10697865	S
SAMN10697866	S
SAMN10697867	S
SAMN10697868	S
SAMN10697869	S
SAMN10697870	S
SAMN10697871	S
SAMN10697872	S
SAMN10697873	S
SAMN10697874	S
SAMN10697875	S
SAMN10697876	S
SAMN10697877	S
SAMN10697878	S
SAMN10697879	S
SAMN10697880	S
SAMN10697881	S
SAMN10697882	S
SAMN10697883	S
SAMN10697884	S
SAMN10697885	S
SAMN10697886	S
SAMN10697887	S
SAMN10697888	S
SAMN10697889	S
SAMN10697890	S
SAMN10697891	S
SAMN10697892	S
SAMN10697893	S
SAMN10697894	S
SAMN10697895	S
SAMN11523165	N
SAMN11620726	S
SAMN11620747	S
SAMN11620770	S
SAMN11620795	S
SAMN11620796	S
SAMN11620797	S
SAMN11620807	S
SAMN11620808	S
SAMN11620809	S
SAMN11620810	S
SAMN11620847	S
SAMN11620937	S
SAMN11954087	S
SAMN12126281	N
SAMN12216145	S
SAMN12429790	N
SAMN12429791	N
SAMN12429792	N
SAMN12429793	N
SAMN12429794	N
SAMN12429795	N
SAMN12429796	N
SAMN12429797	N
SAMN12429798	N
SAMN12429799	N
SAMN12429800	N
SAMN12429801	N
SAMN12429802	N
SAMN12429803	N
SAMN12429804	N
SAMN12429805	N
SAMN12429806	N
SAMN12429807	N
SAMN12429808	N
SAMN12429809	N
SAMN12429810	N
SAMN12429811	N
SAMN12429812	N
SAMN12429813	N
SAMN12429814	N
SAMN12429815	N
SAMN12429816	N
SAMN12429817	N
SAMN12429818	N
SAMN12429819	N
SAMN12429820	N
SAMN12429821	N
SAMN12429822	N
SAMN12429823	N
SAMN12429824	N
SAMN12429825	N
SAMN12429826	N
SAMN12429827	N
SAMN12429828	N
SAMN12429829	N
SAMN12537184	N
SAMN12537185	N
SAMN12537186	N
SAMN12537187	N
SAMN12537188	N
SAMN12726462	N
SAMN12785870	N
SAMN12816907	S
SAMN12877714	N
SAMN12878103	N
SAMN12878104	N
SAMN12878105	N
SAMN12878106	N
SAMN12878107	N
SAMN12878108	N
SAMN12878111	N
SAMN12911364	N
SAMN13556300	N
SAMN14053477	N
SAMN14053478	N
SAMN14299286	N
SAMN14299287	N
SAMN14598146	N
SAMN15348336	N
SAMN15832760	N
SAMN15963001	N
SAMN16605479	N
SAMN16808033	N
SAMN16808034	N
SAMN16808035	N
SAMN16808036	N
SAMN16808037	N
SAMN16808038	N
SAMN16808039	N
SAMN16808040	N
SAMN16808041	N
SAMN16808042	N
SAMN16808043	N
SAMN16808044	N
SAMN16808045	N
SAMN16808046	N
SAMN16808047	N
SAMN16808048	N
SAMN16808049	N
SAMN16808050	N
SAMN16808051	N
SAMN16808052	N
SAMN16808053	N
SAMN16808054	N
SAMN16808055	N
SAMN16808056	N
SAMN16808057	N
SAMN16808058	N
SAMN16808059	N
SAMN16808060	N
SAMN16808061	N
SAMN16808062	N
SAMN16808063	N
SAMN16808064	N
SAMN16808065	N
SAMN16808066	N
SAMN16808067	N
SAMN16808068	N
SAMN16808069	N
SAMN16808070	N
SAMN16808071	N
SAMN16808072	N
SAMN16808073	N
SAMN16808074	N
SAMN16808075	N
SAMN16808076	N
SAMN16808077	N
SAMN16808078	N
SAMN16808079	N
SAMN16808080	N
SAMN16808081	N
SAMN16808082	N
SAMN16808083	N
SAMN16808084	N
SAMN16808085	N
SAMN16808086	N
SAMN16808087	N
SAMN16808088	N
SAMN18056856	N
SAMN18056929	N
SAMN18614372	S
SAMN19960505	N
SAMN20600143	N
SAMN20600144	N
SAMN20600146	N
SAMN20600150	N
SAMN20600152	N
SAMN20600154	N
SAMN20600155	N
SAMN20600163	N
SAMN21018175	S
SAMN21018176	S
SAMN21018177	S
SAMN21018178	S
SAMN21194396	N
SAMN21558691	N
SAMN21593408	N
SAMN21593409	N
SAMN21593410	N
SAMN21593411	N
SAMN21593412	N
SAMN21593413	N
SAMN21593414	N
SAMN21593415	N
SAMN21593416	N
SAMN21593417	N
SAMN21593418	N
SAMN21593419	N
SAMN21593420	N
SAMN21593421	N
SAMN21593422	N
SAMN21593423	N
SAMN21593424	N
SAMN21593425	N
SAMN21593426	N
SAMN21593427	N
SAMN21593428	N
SAMN21593429	N
SAMN21593430	N
SAMN21593431	N
SAMN21593432	N
SAMN21593433	N
SAMN21593434	N
SAMN21593435	N
SAMN21593436	N
SAMN21593437	N
SAMN21593438	N
SAMN21593439	N
SAMN21593440	N
SAMN21593441	N
SAMN21593442	N
SAMN21593443	N
SAMN21593444	N
SAMN21593445	N
SAMN21593446	N
SAMN21593447	N
SAMN21593448	N
SAMN21593449	N
SAMN21593450	N
SAMN21593451	N
SAMN21593452	N
SAMN21593453	N
SAMN21593454	N
SAMN21593455	N
SAMN21593456	N
SAMN21593457	N
SAMN21593458	N
SAMN21593459	N
SAMN21593460	N
SAMN21593461	N
SAMN21593462	N
SAMN21593463	N
SAMN21593464	N
SAMN21593465	N
SAMN21593466	N
SAMN21593467	N
SAMN21593468	N
SAMN21593469	N
SAMN21593470	N
SAMN21593471	N
SAMN21593472	N
SAMN21593473	N
SAMN21593474	N
SAMN21593475	N
SAMN21593476	N
SAMN21593477	N
SAMN21593478	N
SAMN21593479	N
SAMN21593480	N
SAMN21593481	N
SAMN21593482	N
SAMN21593483	N
SAMN21593484	N
SAMN22322590	N
SAMN23441947	N
SAMN27028218	N
SAMN27028219	N
SAMN27028220	N
SAMN27028221	N
