BioSample	WE_lon
SAMD00000334	E
SAMD00065354	E
SAMN02688394	E
SAMN02713587	E
SAMN02731427	E
SAMN02767600	E
SAMN02797826	E
SAMN02797828	E
SAMN02820311	E
SAMN02848645	E
SAMN02874015	E
SAMN02887314	E
SAMN02943514	E
SAMN02943515	E
SAMN03002394	E
SAMN03175163	E
SAMN03177465	E
SAMN03177466	E
SAMN03177469	E
SAMN03177470	E
SAMN03177471	E
SAMN03177473	E
SAMN03177474	E
SAMN03177475	E
SAMN03177477	E
SAMN03177478	E
SAMN03177480	E
SAMN03177481	E
SAMN03177483	E
SAMN03177484	E
SAMN03177485	E
SAMN03177486	E
SAMN03177487	E
SAMN03177488	E
SAMN03177489	E
SAMN03177490	E
SAMN03177491	E
SAMN03177492	E
SAMN03177493	E
SAMN03177494	E
SAMN03177495	E
SAMN03177496	E
SAMN03177497	E
SAMN03196604	E
SAMN03265108	E
SAMN03267964	W
SAMN03272559	E
SAMN03288261	W
SAMN03290670	E
SAMN03290698	E
SAMN03290700	E
SAMN03338741	E
SAMN03338742	E
SAMN03338743	E
SAMN03338744	E
SAMN03372109	E
SAMN03460429	E
SAMN03496755	E
SAMN03776961	W
SAMN03793145	E
SAMN03793146	E
SAMN03793151	E
SAMN03840761	E
SAMN03921880	E
SAMN03941250	E
SAMN04023334	E
SAMN04241384	E
SAMN04479830	W
SAMN04491053	W
SAMN04492771	E
SAMN04492779	E
SAMN04492780	E
SAMN04492781	E
SAMN04492782	E
SAMN04492783	E
SAMN04492784	E
SAMN04492785	E
SAMN04492786	E
SAMN04492787	E
SAMN04492789	E
SAMN04492790	E
SAMN04492791	E
SAMN04492792	E
SAMN04492793	E
SAMN04517448	E
SAMN04550924	E
SAMN04595071	W
SAMN04595072	W
SAMN04599205	E
SAMN05001334	E
SAMN05187972	E
SAMN05447655	E
SAMN05447658	E
SAMN05791985	E
SAMN05791986	W
SAMN05791987	W
SAMN05792585	W
SAMN05825228	W
SAMN05830624	W
SAMN05830709	W
SAMN05830710	W
SAMN05830711	W
SAMN05915249	W
SAMN05915250	W
SAMN05915251	W
SAMN05915252	W
SAMN05915253	W
SAMN05915254	W
SAMN05915255	W
SAMN05915256	W
SAMN05915257	W
SAMN05915258	W
SAMN05915259	W
SAMN05915260	W
SAMN05915261	W
SAMN05915262	W
SAMN05915263	W
SAMN05915264	W
SAMN05915265	W
SAMN05915266	W
SAMN05915267	W
SAMN05915268	W
SAMN05915269	W
SAMN05915270	W
SAMN05915271	W
SAMN05915272	W
SAMN05915273	W
SAMN05915274	W
SAMN05915275	W
SAMN05915276	W
SAMN05915277	W
SAMN05915278	W
SAMN05915279	W
SAMN05915280	W
SAMN05915281	W
SAMN05915282	W
SAMN05915283	W
SAMN05915284	W
SAMN05915285	W
SAMN05915286	W
SAMN05915287	W
SAMN05915288	W
SAMN05915289	W
SAMN05915290	W
SAMN05915291	W
SAMN05915292	W
SAMN05915293	W
SAMN05916217	W
SAMN05916218	W
SAMN05916219	W
SAMN05916220	W
SAMN05916221	W
SAMN05916222	W
SAMN05916223	W
SAMN05916224	W
SAMN05916225	W
SAMN05916226	W
SAMN05916227	W
SAMN05916228	W
SAMN05916229	W
SAMN05916230	W
SAMN05916231	W
SAMN05916232	W
SAMN05916233	W
SAMN05916234	W
SAMN05916235	W
SAMN05916236	W
SAMN05916237	W
SAMN05916238	W
SAMN05916239	W
SAMN05916240	W
SAMN05916241	W
SAMN05916242	W
SAMN05916243	W
SAMN05916244	W
SAMN05916245	W
SAMN05916246	W
SAMN05916247	W
SAMN05916248	W
SAMN05916249	W
SAMN05916250	W
SAMN05916251	W
SAMN05916252	W
SAMN05916253	W
SAMN05916254	W
SAMN05916255	W
SAMN05916256	W
SAMN05916257	W
SAMN05916258	W
SAMN05916259	W
SAMN05916260	W
SAMN05916261	W
SAMN05916262	W
SAMN05916263	W
SAMN05916264	W
SAMN05916265	W
SAMN05916266	W
SAMN05916267	W
SAMN05916268	W
SAMN05916269	W
SAMN05916270	W
SAMN05916271	W
SAMN05916272	W
SAMN05916273	W
SAMN05916274	W
SAMN05916275	W
SAMN05916276	W
SAMN05916277	W
SAMN05916278	W
SAMN05916279	W
SAMN05916280	W
SAMN05916281	W
SAMN05916282	W
SAMN05916283	W
SAMN05916284	W
SAMN05916285	W
SAMN05916286	W
SAMN05916287	W
SAMN05916288	W
SAMN05916289	W
SAMN05916290	W
SAMN05916291	W
SAMN05916292	W
SAMN05916293	W
SAMN05916294	W
SAMN05916295	W
SAMN05916296	W
SAMN05916297	W
SAMN05916298	W
SAMN05916299	W
SAMN05916300	W
SAMN05916301	W
SAMN05916302	W
SAMN05916303	W
SAMN05916304	W
SAMN05916305	W
SAMN05916306	W
SAMN05916307	W
SAMN05916308	W
SAMN05916309	W
SAMN05916310	W
SAMN05916311	W
SAMN05916312	W
SAMN05916313	W
SAMN05916314	W
SAMN05916315	W
SAMN05916316	W
SAMN05916317	W
SAMN05916318	W
SAMN05916319	W
SAMN05916320	W
SAMN05916321	W
SAMN05916322	W
SAMN05916323	W
SAMN05916324	W
SAMN05916325	W
SAMN05916326	W
SAMN05916327	W
SAMN05916328	W
SAMN05916329	W
SAMN05916330	W
SAMN05916331	W
SAMN05916332	W
SAMN05916333	W
SAMN05916334	W
SAMN05916335	W
SAMN05916336	W
SAMN05916337	W
SAMN05916338	W
SAMN05916339	W
SAMN05916340	W
SAMN05916341	W
SAMN05916342	W
SAMN05916343	W
SAMN05916344	W
SAMN05916345	W
SAMN05916346	W
SAMN05916347	W
SAMN05916348	W
SAMN05916349	W
SAMN05916350	W
SAMN05916351	W
SAMN05916352	W
SAMN05916353	W
SAMN05916354	W
SAMN05916355	W
SAMN05916356	W
SAMN05916357	W
SAMN05916358	W
SAMN05916382	W
SAMN05916383	W
SAMN05916384	W
SAMN05916385	W
SAMN05916386	W
SAMN05916387	W
SAMN05916388	W
SAMN05916389	W
SAMN05916390	W
SAMN05916391	W
SAMN05916392	W
SAMN05916393	W
SAMN05916394	W
SAMN05916395	W
SAMN05916396	W
SAMN05916397	W
SAMN05916398	W
SAMN05916399	W
SAMN05916400	W
SAMN05916401	W
SAMN05916402	W
SAMN05916403	W
SAMN05916404	W
SAMN05916405	W
SAMN05916406	W
SAMN05916407	W
SAMN05916408	W
SAMN05916409	W
SAMN05916410	W
SAMN05916411	W
SAMN05916412	W
SAMN05916413	W
SAMN05916414	W
SAMN05916415	W
SAMN05916416	W
SAMN05916417	W
SAMN05916418	W
SAMN05916419	W
SAMN05916420	W
SAMN05916421	W
SAMN05916422	W
SAMN05916423	W
SAMN05916424	W
SAMN05916425	W
SAMN05916426	W
SAMN05916427	W
SAMN05916428	W
SAMN05916429	W
SAMN05916430	W
SAMN05916431	W
SAMN05916432	W
SAMN05916433	W
SAMN05916434	W
SAMN05916435	W
SAMN05916436	W
SAMN05916437	W
SAMN05916438	W
SAMN05916439	W
SAMN05916440	W
SAMN05916441	W
SAMN05916442	W
SAMN05916443	W
SAMN05916444	W
SAMN05916445	W
SAMN05916446	W
SAMN05916447	W
SAMN05916448	W
SAMN05916449	W
SAMN05916450	W
SAMN05916451	W
SAMN05916452	W
SAMN05916453	W
SAMN05916454	W
SAMN05916455	W
SAMN05916456	W
SAMN05916457	W
SAMN05916458	W
SAMN05916459	W
SAMN05916460	W
SAMN05918520	W
SAMN05918521	W
SAMN05918522	W
SAMN05918523	W
SAMN05918524	W
SAMN05918525	W
SAMN05918526	W
SAMN05918527	W
SAMN05918528	W
SAMN05918529	W
SAMN05918530	W
SAMN05918531	W
SAMN05918532	W
SAMN05918533	W
SAMN05918534	W
SAMN05918535	W
SAMN05918536	W
SAMN05918537	W
SAMN05918538	W
SAMN05918539	W
SAMN05918540	W
SAMN05918541	W
SAMN05918542	W
SAMN05918543	W
SAMN05918544	W
SAMN05918545	W
SAMN05918546	W
SAMN05918547	W
SAMN05918548	W
SAMN05918549	W
SAMN05918550	W
SAMN05918551	W
SAMN05918552	W
SAMN05918553	W
SAMN05918554	W
SAMN05918555	W
SAMN05918556	W
SAMN05918557	W
SAMN05918558	W
SAMN05918559	W
SAMN05918560	W
SAMN05918561	W
SAMN05918562	W
SAMN05918563	W
SAMN05918564	W
SAMN05918568	W
SAMN05918569	W
SAMN05918570	W
SAMN05918571	W
SAMN05918572	W
SAMN05918573	W
SAMN05918574	W
SAMN05918575	W
SAMN05918576	W
SAMN05918577	W
SAMN05918578	W
SAMN05918579	W
SAMN05918580	W
SAMN05918581	W
SAMN05918582	W
SAMN05918583	W
SAMN05918584	W
SAMN05918585	W
SAMN05918586	W
SAMN05918587	W
SAMN05918588	W
SAMN05918589	W
SAMN05918590	W
SAMN05918591	W
SAMN05918592	W
SAMN05918593	W
SAMN05918594	W
SAMN05918595	W
SAMN05918596	W
SAMN05918597	W
SAMN05918598	W
SAMN05918599	W
SAMN05918600	W
SAMN05918601	W
SAMN05918602	W
SAMN05918603	W
SAMN05918604	W
SAMN05918605	W
SAMN05918606	W
SAMN05918607	W
SAMN05918608	W
SAMN05918609	W
SAMN05918610	W
SAMN05918611	W
SAMN05918612	W
SAMN05918615	W
SAMN05918616	W
SAMN05918617	W
SAMN05918618	W
SAMN05918619	W
SAMN05918620	W
SAMN05918621	W
SAMN05918622	W
SAMN05918623	W
SAMN05918624	W
SAMN05918625	W
SAMN05918626	W
SAMN05918627	W
SAMN05918628	W
SAMN05918629	W
SAMN05918630	W
SAMN05918631	W
SAMN05918632	W
SAMN05918633	W
SAMN05918634	W
SAMN05918635	W
SAMN05918636	W
SAMN05918637	W
SAMN05918638	W
SAMN05918639	W
SAMN05918640	W
SAMN05918641	W
SAMN05918642	W
SAMN05918643	W
SAMN05918644	W
SAMN05918645	W
SAMN05918646	W
SAMN05918647	W
SAMN05918648	W
SAMN05918649	W
SAMN05918650	W
SAMN05918651	W
SAMN05918652	W
SAMN05918653	W
SAMN05918654	W
SAMN05918655	W
SAMN05918656	W
SAMN05918657	W
SAMN05918658	W
SAMN05918659	W
SAMN05918660	W
SAMN05918661	W
SAMN05918662	W
SAMN05918663	W
SAMN05918664	W
SAMN05918665	W
SAMN05918666	W
SAMN05918667	W
SAMN05918668	W
SAMN05918669	W
SAMN05918670	W
SAMN05918671	W
SAMN05918672	W
SAMN05918673	W
SAMN05918674	W
SAMN05918675	W
SAMN05918676	W
SAMN05918677	W
SAMN05918678	W
SAMN05918679	W
SAMN05918680	W
SAMN05918681	W
SAMN05918682	W
SAMN05918683	W
SAMN05918684	W
SAMN05918685	W
SAMN05918686	W
SAMN05918687	W
SAMN05918688	W
SAMN05918689	W
SAMN05918690	W
SAMN05918691	W
SAMN05918692	W
SAMN05918693	W
SAMN05918694	W
SAMN05918695	W
SAMN05918696	W
SAMN05918697	W
SAMN05918698	W
SAMN05918699	W
SAMN05918700	W
SAMN05918701	W
SAMN05918702	W
SAMN05918703	W
SAMN05918704	W
SAMN05918705	W
SAMN05918706	W
SAMN05918707	W
SAMN05918708	W
SAMN05918709	W
SAMN05918710	W
SAMN05918711	W
SAMN05918712	W
SAMN05918713	W
SAMN05918714	W
SAMN05918715	W
SAMN05918716	W
SAMN05918717	W
SAMN05918718	W
SAMN05918719	W
SAMN05918720	W
SAMN05918721	W
SAMN05918722	W
SAMN05918723	W
SAMN05918724	W
SAMN05918725	W
SAMN05918726	W
SAMN05918728	W
SAMN05918729	W
SAMN05918730	W
SAMN05918731	W
SAMN05918732	W
SAMN05918733	W
SAMN05918734	W
SAMN05918735	W
SAMN05918736	W
SAMN05918737	W
SAMN05918738	W
SAMN05918739	W
SAMN05918740	W
SAMN05918741	W
SAMN05918742	W
SAMN05918743	W
SAMN05918744	W
SAMN05918745	W
SAMN05918746	W
SAMN05918747	W
SAMN05918748	W
SAMN05918749	W
SAMN05918750	W
SAMN05918751	W
SAMN05918752	W
SAMN05918753	W
SAMN05918754	W
SAMN05918755	W
SAMN05918756	W
SAMN05918757	W
SAMN05918758	W
SAMN05918759	W
SAMN05918760	W
SAMN05918761	W
SAMN05918762	W
SAMN05918763	W
SAMN05918764	W
SAMN05918765	W
SAMN05918766	W
SAMN05918767	W
SAMN05918768	W
SAMN05918769	W
SAMN05918770	W
SAMN05918771	W
SAMN05918772	W
SAMN05918773	W
SAMN05918774	W
SAMN05918775	W
SAMN05918776	W
SAMN05918777	W
SAMN05918778	W
SAMN05918779	W
SAMN05918780	W
SAMN05918917	W
SAMN05918918	W
SAMN05918919	W
SAMN05918920	W
SAMN05918921	W
SAMN05918922	W
SAMN05918923	W
SAMN05918924	W
SAMN05918925	W
SAMN05918926	W
SAMN05918927	W
SAMN05918928	W
SAMN05918929	W
SAMN05918930	W
SAMN05918931	W
SAMN05918932	W
SAMN05918933	W
SAMN05918934	W
SAMN05918935	W
SAMN05918936	W
SAMN05918937	W
SAMN05918938	W
SAMN05918939	W
SAMN05918940	W
SAMN05918941	W
SAMN05918942	W
SAMN05918943	W
SAMN05918944	W
SAMN05918945	W
SAMN05918946	W
SAMN05918947	W
SAMN05918948	W
SAMN05918949	W
SAMN05918950	W
SAMN05918951	W
SAMN05918952	W
SAMN05918953	W
SAMN05918954	W
SAMN05918955	W
SAMN05918956	W
SAMN05918957	W
SAMN05918958	W
SAMN05918959	W
SAMN05918960	W
SAMN05919545	W
SAMN05919546	W
SAMN05919547	W
SAMN05919548	W
SAMN05919549	W
SAMN05919550	W
SAMN05919551	W
SAMN05919552	W
SAMN05919553	W
SAMN05919554	W
SAMN05919555	W
SAMN05919556	W
SAMN05919557	W
SAMN05919558	W
SAMN05919559	W
SAMN05919560	W
SAMN05919561	W
SAMN05919562	W
SAMN05919563	W
SAMN05919564	W
SAMN05919565	W
SAMN05919566	W
SAMN05919567	W
SAMN05919568	W
SAMN05919569	W
SAMN05919570	W
SAMN05919571	W
SAMN05919572	W
SAMN05919573	W
SAMN05919574	W
SAMN05919575	W
SAMN05919576	W
SAMN05919577	W
SAMN05919578	W
SAMN05919579	W
SAMN05919580	W
SAMN05919581	W
SAMN05919582	W
SAMN05919583	W
SAMN05919584	W
SAMN05919585	W
SAMN05919586	W
SAMN05919587	W
SAMN05919588	W
SAMN05919589	W
SAMN05919590	W
SAMN05919591	W
SAMN05919592	W
SAMN05919593	W
SAMN05919594	W
SAMN05919595	W
SAMN05919596	W
SAMN05919597	W
SAMN05919598	W
SAMN05919599	W
SAMN05919600	W
SAMN05919601	W
SAMN05919602	W
SAMN05919603	W
SAMN05919604	W
SAMN05919605	W
SAMN05919606	W
SAMN05919607	W
SAMN05919608	W
SAMN05919609	W
SAMN05919610	W
SAMN05919611	W
SAMN05919613	W
SAMN05919614	W
SAMN05919615	W
SAMN05919616	W
SAMN05919617	W
SAMN05919618	W
SAMN05919619	W
SAMN05919620	W
SAMN05919621	W
SAMN05919622	W
SAMN05919623	W
SAMN05919624	W
SAMN05919625	W
SAMN05919626	W
SAMN05919627	W
SAMN05919628	W
SAMN05919629	W
SAMN05919630	W
SAMN05919631	W
SAMN05919632	W
SAMN05919633	W
SAMN05919634	W
SAMN05919635	W
SAMN05919636	W
SAMN05919637	W
SAMN05919638	W
SAMN05919639	W
SAMN05919640	W
SAMN05919641	W
SAMN05919642	W
SAMN05919643	W
SAMN05919644	W
SAMN05919645	W
SAMN05919646	W
SAMN05919647	W
SAMN05919648	W
SAMN05919649	W
SAMN05919650	W
SAMN05919651	W
SAMN05919652	W
SAMN05919653	W
SAMN05919654	W
SAMN05919655	W
SAMN05919656	W
SAMN05919657	W
SAMN05919658	W
SAMN05919659	W
SAMN05919660	W
SAMN05919661	W
SAMN05919662	W
SAMN05919663	W
SAMN05919664	W
SAMN05919665	W
SAMN05919666	W
SAMN05919667	W
SAMN05919668	W
SAMN05919669	W
SAMN05919670	W
SAMN05919671	W
SAMN05933692	W
SAMN05933699	W
SAMN06010119	W
SAMN06010120	W
SAMN06010121	W
SAMN06010122	W
SAMN06010123	W
SAMN06010124	W
SAMN06010125	W
SAMN06010126	W
SAMN06010127	W
SAMN06010128	W
SAMN06010129	W
SAMN06010130	W
SAMN06010131	W
SAMN06010132	W
SAMN06010133	W
SAMN06010134	W
SAMN06010135	W
SAMN06010136	W
SAMN06010137	W
SAMN06010138	W
SAMN06010139	W
SAMN06010140	W
SAMN06010141	W
SAMN06010142	W
SAMN06010143	W
SAMN06010144	W
SAMN06010145	W
SAMN06010146	W
SAMN06010147	W
SAMN06010148	W
SAMN06010149	W
SAMN06010150	W
SAMN06010151	W
SAMN06010152	W
SAMN06010153	W
SAMN06010154	W
SAMN06010155	W
SAMN06010156	W
SAMN06010157	W
SAMN06010158	W
SAMN06010159	W
SAMN06010160	W
SAMN06010161	W
SAMN06010162	W
SAMN06010163	W
SAMN06010164	W
SAMN06010165	W
SAMN06010166	W
SAMN06010167	W
SAMN06010168	W
SAMN06010169	W
SAMN06010170	W
SAMN06010171	W
SAMN06010172	W
SAMN06010173	W
SAMN06010174	W
SAMN06010175	W
SAMN06010176	W
SAMN06010177	W
SAMN06010178	W
SAMN06010179	W
SAMN06010180	W
SAMN06010181	W
SAMN06010182	W
SAMN06010183	W
SAMN06010184	W
SAMN06010185	W
SAMN06010186	W
SAMN06010187	W
SAMN06010188	W
SAMN06010189	W
SAMN06010190	W
SAMN06010191	W
SAMN06010192	W
SAMN06010193	W
SAMN06010194	W
SAMN06010195	W
SAMN06010196	W
SAMN06010197	W
SAMN06010198	W
SAMN06010199	W
SAMN06010200	W
SAMN06010201	W
SAMN06010202	W
SAMN06010203	W
SAMN06010204	W
SAMN06010205	W
SAMN06010206	W
SAMN06010207	W
SAMN06010208	W
SAMN06010209	W
SAMN06010210	W
SAMN06010211	W
SAMN06010212	W
SAMN06010213	W
SAMN06010214	W
SAMN06010215	W
SAMN06010216	W
SAMN06010217	W
SAMN06010218	W
SAMN06010219	W
SAMN06010220	W
SAMN06010221	W
SAMN06010222	W
SAMN06010223	W
SAMN06010224	W
SAMN06010225	W
SAMN06010226	W
SAMN06010227	W
SAMN06010228	W
SAMN06010229	W
SAMN06010230	W
SAMN06010231	W
SAMN06010232	W
SAMN06010233	W
SAMN06010234	W
SAMN06010235	W
SAMN06010236	W
SAMN06010237	W
SAMN06010238	W
SAMN06010239	W
SAMN06010240	W
SAMN06010241	W
SAMN06010242	W
SAMN06010243	W
SAMN06010244	W
SAMN06010245	W
SAMN06010246	W
SAMN06010247	W
SAMN06010248	W
SAMN06010249	W
SAMN06010250	W
SAMN06010251	W
SAMN06010252	W
SAMN06010253	W
SAMN06010254	W
SAMN06010255	W
SAMN06010256	W
SAMN06010257	W
SAMN06010319	W
SAMN06010320	W
SAMN06010321	W
SAMN06010322	W
SAMN06010323	W
SAMN06010324	W
SAMN06010325	W
SAMN06010326	W
SAMN06010327	W
SAMN06010328	W
SAMN06010329	W
SAMN06010330	W
SAMN06010331	W
SAMN06010332	W
SAMN06010333	W
SAMN06010334	W
SAMN06010335	W
SAMN06010336	W
SAMN06010337	W
SAMN06010338	W
SAMN06010339	W
SAMN06010340	W
SAMN06010341	W
SAMN06010342	W
SAMN06010343	W
SAMN06010344	W
SAMN06010345	W
SAMN06010346	W
SAMN06010347	W
SAMN06010348	W
SAMN06010349	W
SAMN06010350	W
SAMN06010351	W
SAMN06010352	W
SAMN06010353	W
SAMN06010354	W
SAMN06010355	W
SAMN06010356	W
SAMN06010357	W
SAMN06010358	W
SAMN06010359	W
SAMN06010360	W
SAMN06010361	W
SAMN06010362	W
SAMN06010363	W
SAMN06010364	W
SAMN06010365	W
SAMN06010366	W
SAMN06010367	W
SAMN06010368	W
SAMN06010369	W
SAMN06010370	W
SAMN06010371	W
SAMN06010372	W
SAMN06010373	W
SAMN06010374	W
SAMN06010375	W
SAMN06010376	W
SAMN06010377	W
SAMN06010378	W
SAMN06010379	W
SAMN06010380	W
SAMN06010381	W
SAMN06010382	W
SAMN06010383	W
SAMN06010384	W
SAMN06010385	W
SAMN06010386	W
SAMN06010387	W
SAMN06010388	W
SAMN06010389	W
SAMN06010390	W
SAMN06010391	W
SAMN06010392	W
SAMN06010393	W
SAMN06010394	W
SAMN06010395	W
SAMN06010396	W
SAMN06010397	W
SAMN06010398	W
SAMN06010399	W
SAMN06010400	W
SAMN06010401	W
SAMN06010402	W
SAMN06010403	W
SAMN06010404	W
SAMN06010405	W
SAMN06010406	W
SAMN06010407	W
SAMN06010408	W
SAMN06010409	W
SAMN06010410	W
SAMN06010411	W
SAMN06010412	W
SAMN06010413	W
SAMN06010414	W
SAMN06010415	W
SAMN06010416	W
SAMN06010417	W
SAMN06010418	W
SAMN06010419	W
SAMN06010420	W
SAMN06010421	W
SAMN06010422	W
SAMN06010423	W
SAMN06010424	W
SAMN06010425	W
SAMN06010426	W
SAMN06010427	W
SAMN06010428	W
SAMN06010429	W
SAMN06010430	W
SAMN06010431	W
SAMN06010432	W
SAMN06010433	W
SAMN06010434	W
SAMN06010435	W
SAMN06010436	W
SAMN06010437	W
SAMN06010438	W
SAMN06010439	W
SAMN06010440	W
SAMN06010441	W
SAMN06010442	W
SAMN06010443	W
SAMN06010444	W
SAMN06010445	W
SAMN06010446	W
SAMN06010447	W
SAMN06010448	W
SAMN06010449	W
SAMN06010450	W
SAMN06010451	W
SAMN06010452	W
SAMN06010453	W
SAMN06010454	W
SAMN06010455	W
SAMN06010456	W
SAMN06010457	W
SAMN06010458	W
SAMN06010459	W
SAMN06010460	W
SAMN06010461	W
SAMN06010462	W
SAMN06010463	W
SAMN06010464	W
SAMN06010465	W
SAMN06010466	W
SAMN06010467	W
SAMN06010468	W
SAMN06010469	W
SAMN06010470	W
SAMN06010471	W
SAMN06010472	W
SAMN06010473	W
SAMN06010474	W
SAMN06010475	W
SAMN06010476	W
SAMN06010477	W
SAMN06010478	W
SAMN06010479	W
SAMN06010480	W
SAMN06010481	W
SAMN06010482	W
SAMN06010483	W
SAMN06010484	W
SAMN06010485	W
SAMN06010486	W
SAMN06010487	W
SAMN06010488	W
SAMN06010489	W
SAMN06010490	W
SAMN06010491	W
SAMN06010492	W
SAMN06010493	W
SAMN06094068	W
SAMN06094069	W
SAMN06094070	W
SAMN06094071	W
SAMN06094072	W
SAMN06094073	W
SAMN06094074	W
SAMN06094075	W
SAMN06094076	W
SAMN06094077	W
SAMN06094078	W
SAMN06094079	W
SAMN06094080	W
SAMN06094081	W
SAMN06094082	W
SAMN06094083	W
SAMN06094084	W
SAMN06094085	W
SAMN06094086	W
SAMN06094087	W
SAMN06094088	W
SAMN06094089	W
SAMN06094090	W
SAMN06094091	W
SAMN06094092	W
SAMN06094093	W
SAMN06094094	W
SAMN06094095	W
SAMN06094096	W
SAMN06094097	W
SAMN06094098	W
SAMN06094099	W
SAMN06094100	W
SAMN06094101	W
SAMN06094102	W
SAMN06094103	W
SAMN06094104	W
SAMN06094105	W
SAMN06094106	W
SAMN06094107	W
SAMN06094108	W
SAMN06094109	W
SAMN06094110	W
SAMN06094111	W
SAMN06094112	W
SAMN06094113	W
SAMN06094114	W
SAMN06094115	W
SAMN06094116	W
SAMN06094117	W
SAMN06094118	W
SAMN06094119	W
SAMN06094120	W
SAMN06094121	W
SAMN06094122	W
SAMN06094128	W
SAMN06094129	W
SAMN06094130	W
SAMN06094131	W
SAMN06094132	W
SAMN06094133	W
SAMN06094134	W
SAMN06094135	W
SAMN06094136	W
SAMN06094137	W
SAMN06094138	W
SAMN06094139	W
SAMN06094140	W
SAMN06094141	W
SAMN06094142	W
SAMN06094143	W
SAMN06094144	W
SAMN06094145	W
SAMN06094146	W
SAMN06094147	W
SAMN06094148	W
SAMN06094149	W
SAMN06094150	W
SAMN06094151	W
SAMN06094152	W
SAMN06094153	W
SAMN06094154	W
SAMN06094155	W
SAMN06094156	W
SAMN06094157	W
SAMN06094158	W
SAMN06094159	W
SAMN06094160	W
SAMN06094161	W
SAMN06094162	W
SAMN06094163	W
SAMN06094164	W
SAMN06094165	W
SAMN06094166	W
SAMN06094167	W
SAMN06094168	W
SAMN06094169	W
SAMN06094170	W
SAMN06094171	W
SAMN06094172	W
SAMN06094173	W
SAMN06094174	W
SAMN06094175	W
SAMN06094176	W
SAMN06094177	W
SAMN06094178	W
SAMN06094179	W
SAMN06094180	W
SAMN06094181	W
SAMN06094182	W
SAMN06094183	W
SAMN06094184	W
SAMN06094185	W
SAMN06094186	W
SAMN06094187	W
SAMN06094188	W
SAMN06094189	W
SAMN06094190	W
SAMN06094191	W
SAMN06094192	W
SAMN06094193	W
SAMN06094194	W
SAMN06094195	W
SAMN06094196	W
SAMN06094197	W
SAMN06094198	W
SAMN06094199	W
SAMN06094200	W
SAMN06094201	W
SAMN06094202	W
SAMN06094203	W
SAMN06094204	W
SAMN06094205	W
SAMN06094206	W
SAMN06094207	W
SAMN06094208	W
SAMN06094209	W
SAMN06094210	W
SAMN06094211	W
SAMN06094212	W
SAMN06094213	W
SAMN06094214	W
SAMN06094215	W
SAMN06094216	W
SAMN06094217	W
SAMN06094218	W
SAMN06094219	W
SAMN06094220	W
SAMN06094221	W
SAMN06094222	W
SAMN06094223	W
SAMN06094224	W
SAMN06094225	W
SAMN06141171	E
SAMN06189363	E
SAMN06189364	E
SAMN06292065	E
SAMN06292067	E
SAMN06292590	E
SAMN06292592	E
SAMN06563651	E
SAMN06563652	E
SAMN06563653	E
SAMN06563654	E
SAMN06563655	E
SAMN06563656	E
SAMN06563657	E
SAMN06563658	E
SAMN06563659	E
SAMN06563660	E
SAMN06624811	W
SAMN06624812	W
SAMN06624814	W
SAMN06624815	W
SAMN06627426	W
SAMN06627448	W
SAMN06627494	W
SAMN06627497	W
SAMN06627533	W
SAMN06627600	W
SAMN06627640	W
SAMN06627641	W
SAMN06627643	W
SAMN06627645	W
SAMN06627992	W
SAMN06627993	W
SAMN06627994	W
SAMN06627995	W
SAMN06627996	W
SAMN06627997	W
SAMN06628109	W
SAMN06628110	W
SAMN06628112	W
SAMN06628113	W
SAMN06628114	W
SAMN06628115	W
SAMN07236903	W
SAMN07236904	W
SAMN07236905	W
SAMN07236906	W
SAMN07236907	W
SAMN07236908	W
SAMN07236909	W
SAMN07236910	W
SAMN07236911	W
SAMN07414819	E
SAMN07414820	E
SAMN07599849	E
SAMN07664823	W
SAMN07664824	W
SAMN07664825	W
SAMN07664826	W
SAMN07664827	W
SAMN07664828	W
SAMN07664829	W
SAMN07664830	W
SAMN07664831	W
SAMN07664832	W
SAMN07664833	W
SAMN07664834	W
SAMN07664835	W
SAMN07664836	W
SAMN07664837	W
SAMN07664838	W
SAMN07664839	W
SAMN07664840	W
SAMN07664841	W
SAMN07664842	W
SAMN07664843	W
SAMN07664844	W
SAMN07664845	W
SAMN07664846	W
SAMN07664847	W
SAMN07664848	W
SAMN07664849	W
SAMN07664850	W
SAMN07664851	W
SAMN07664852	W
SAMN07664853	W
SAMN07664854	W
SAMN07664855	W
SAMN07664856	W
SAMN07664857	W
SAMN07664858	W
SAMN07664859	W
SAMN07664860	W
SAMN07664861	W
SAMN07664862	W
SAMN07664863	W
SAMN07664864	W
SAMN07664865	W
SAMN07664866	W
SAMN07664867	W
SAMN07664868	W
SAMN07664869	W
SAMN07664870	W
SAMN07664871	W
SAMN07664872	W
SAMN07664873	W
SAMN07664874	W
SAMN07664875	W
SAMN07664876	W
SAMN07664877	W
SAMN07664878	W
SAMN07664879	W
SAMN07664880	W
SAMN07664881	W
SAMN07664882	W
SAMN07664883	W
SAMN07664884	W
SAMN07664885	W
SAMN07664886	W
SAMN07664887	W
SAMN07664888	W
SAMN07664889	W
SAMN07664890	W
SAMN07701721	E
SAMN07701799	E
SAMN07709478	E
SAMN08095524	E
SAMN08095528	E
SAMN08095537	E
SAMN08095541	E
SAMN08095555	E
SAMN08095578	E
SAMN08199254	W
SAMN08199260	W
SAMN08199265	W
SAMN08199266	W
SAMN08199267	W
SAMN08199268	W
SAMN08199271	W
SAMN08199276	W
SAMN08199277	W
SAMN08199301	W
SAMN08199302	W
SAMN08199303	W
SAMN08199305	W
SAMN08199306	W
SAMN08199347	W
SAMN08199348	W
SAMN08386658	W
SAMN08432322	W
SAMN08432487	W
SAMN08432953	W
SAMN08432968	W
SAMN08432974	W
SAMN08432975	W
SAMN08432976	W
SAMN08432978	W
SAMN08432985	W
SAMN08436883	W
SAMN08436884	W
SAMN08437144	W
SAMN08437161	W
SAMN08437162	W
SAMN08437188	W
SAMN08437228	W
SAMN08437989	W
SAMN08437990	W
SAMN08438036	W
SAMN08462824	E
SAMN08765497	E
SAMN08794918	E
SAMN08973501	E
SAMN09206576	E
SAMN09206577	E
SAMN09206578	E
SAMN09206579	E
SAMN09206580	E
SAMN09206581	E
SAMN09206582	E
SAMN09206583	E
SAMN09206584	E
SAMN09229031	E
SAMN09229032	E
SAMN09453176	E
SAMN09477757	E
SAMN09566388	E
SAMN09566389	E
SAMN09566390	E
SAMN09566391	E
SAMN09566392	E
SAMN09566393	E
SAMN09566394	E
SAMN09566395	E
SAMN09566396	E
SAMN09566397	E
SAMN09566398	E
SAMN09566399	E
SAMN09566400	E
SAMN09566403	E
SAMN09566405	E
SAMN09566406	E
SAMN09566408	E
SAMN09566409	E
SAMN09566410	E
SAMN09566411	E
SAMN09566414	E
SAMN09566415	E
SAMN09566416	E
SAMN09566417	E
SAMN09566418	E
SAMN09566419	E
SAMN09566420	E
SAMN09566421	E
SAMN09566422	E
SAMN09566423	E
SAMN09566424	E
SAMN09566425	E
SAMN09566426	E
SAMN09566427	E
SAMN09566428	E
SAMN09566429	E
SAMN09566430	E
SAMN09566431	E
SAMN09566432	E
SAMN09566433	E
SAMN09566434	E
SAMN09566435	E
SAMN09566436	E
SAMN09566437	E
SAMN09566438	E
SAMN09566439	E
SAMN09566440	E
SAMN09566441	E
SAMN09566442	E
SAMN09566443	E
SAMN09566444	E
SAMN09566445	E
SAMN09566446	E
SAMN09566447	E
SAMN09566448	E
SAMN09566449	E
SAMN09566450	E
SAMN09566451	E
SAMN09566452	E
SAMN09566453	E
SAMN09566454	E
SAMN09566455	E
SAMN09566456	E
SAMN09566457	E
SAMN09566458	E
SAMN09566459	E
SAMN09566460	E
SAMN09566461	E
SAMN09566463	E
SAMN09566464	E
SAMN09566465	E
SAMN09566466	E
SAMN09566467	E
SAMN09566468	E
SAMN09566469	E
SAMN09566470	E
SAMN09566471	E
SAMN09566472	E
SAMN09566473	E
SAMN09566474	E
SAMN09566475	E
SAMN09566476	E
SAMN09566477	E
SAMN09566478	E
SAMN09566479	E
SAMN09566480	E
SAMN09566481	E
SAMN09566482	E
SAMN09566483	E
SAMN09566484	E
SAMN09566485	E
SAMN09566486	E
SAMN09566488	E
SAMN09566489	E
SAMN09566490	E
SAMN09566491	E
SAMN09566492	E
SAMN09566493	E
SAMN09566494	E
SAMN09566495	E
SAMN09566496	E
SAMN09566497	E
SAMN09566498	E
SAMN09566499	E
SAMN09566500	E
SAMN09566501	E
SAMN09566502	E
SAMN09566503	E
SAMN09566504	E
SAMN09566505	E
SAMN09566506	E
SAMN09566507	E
SAMN09566508	E
SAMN09566509	E
SAMN09566510	E
SAMN09566511	E
SAMN09566512	E
SAMN09566513	E
SAMN09566514	E
SAMN09566515	E
SAMN09566516	E
SAMN09566517	E
SAMN09566518	E
SAMN09566519	E
SAMN09566520	E
SAMN09566521	E
SAMN09566522	E
SAMN09566523	E
SAMN09566524	E
SAMN09566525	E
SAMN09566526	E
SAMN09566527	E
SAMN09566528	E
SAMN09566529	E
SAMN09566530	E
SAMN09566531	E
SAMN09566532	E
SAMN09566533	E
SAMN09566534	E
SAMN09566535	E
SAMN09566536	E
SAMN09566537	E
SAMN09566538	E
SAMN09566539	E
SAMN09566540	E
SAMN09566541	E
SAMN09566542	E
SAMN09566543	E
SAMN09566544	E
SAMN09566545	E
SAMN09566546	E
SAMN09566547	E
SAMN09566548	E
SAMN09566549	E
SAMN09566550	E
SAMN09566551	E
SAMN09566552	E
SAMN09566553	E
SAMN09566554	E
SAMN09566555	E
SAMN09566556	E
SAMN09566557	E
SAMN09566558	E
SAMN09566559	E
SAMN09566560	E
SAMN09566561	E
SAMN09566562	E
SAMN09566563	E
SAMN09566564	E
SAMN09566565	E
SAMN09566566	E
SAMN09566567	E
SAMN09566568	E
SAMN09566569	E
SAMN09566570	E
SAMN09566571	E
SAMN09566572	E
SAMN09566573	E
SAMN09566574	E
SAMN09566575	E
SAMN09566576	E
SAMN09566577	E
SAMN09566578	E
SAMN09566579	E
SAMN09566580	E
SAMN09566581	E
SAMN09566582	E
SAMN09566583	E
SAMN09566584	E
SAMN09566585	E
SAMN09566586	E
SAMN09566587	E
SAMN09566588	E
SAMN09566589	E
SAMN09566590	E
SAMN09566591	E
SAMN09566592	E
SAMN09566593	E
SAMN09566594	E
SAMN09566595	E
SAMN09566596	E
SAMN09566597	E
SAMN09566598	E
SAMN09566599	E
SAMN09566600	E
SAMN09566601	E
SAMN09566602	E
SAMN09566603	E
SAMN09566604	E
SAMN09566605	E
SAMN09566606	E
SAMN09566607	E
SAMN09566608	E
SAMN09566609	E
SAMN09566610	E
SAMN09566611	E
SAMN09566612	E
SAMN09566613	E
SAMN09566614	E
SAMN09566615	E
SAMN09566616	E
SAMN09566617	E
SAMN09566618	E
SAMN09566619	E
SAMN09566621	E
SAMN09566622	E
SAMN09566623	E
SAMN09566624	E
SAMN09566625	E
SAMN09566626	E
SAMN09566627	E
SAMN09566628	E
SAMN09566629	E
SAMN09566630	E
SAMN09566631	E
SAMN09566632	E
SAMN09566633	E
SAMN09566634	E
SAMN09566635	E
SAMN09566636	E
SAMN09566637	E
SAMN09566638	E
SAMN09566639	E
SAMN09566640	E
SAMN09566641	E
SAMN09566642	E
SAMN09566643	E
SAMN09566644	E
SAMN09566645	E
SAMN09566646	E
SAMN09566647	E
SAMN09566648	E
SAMN09566649	E
SAMN09566650	E
SAMN09566651	E
SAMN09566652	E
SAMN09566653	E
SAMN09566654	E
SAMN09566655	E
SAMN09566656	E
SAMN09566657	E
SAMN09566658	E
SAMN09566659	E
SAMN09566660	E
SAMN09566661	E
SAMN09566662	E
SAMN09566663	E
SAMN09566664	E
SAMN09566665	E
SAMN09566666	E
SAMN09566667	E
SAMN09566668	E
SAMN09566669	E
SAMN09566670	E
SAMN09566671	E
SAMN09566672	E
SAMN09566673	E
SAMN09566674	E
SAMN09566675	E
SAMN09566676	E
SAMN09566677	E
SAMN09566678	E
SAMN09566679	E
SAMN09566680	E
SAMN09566681	E
SAMN09566682	E
SAMN09566683	E
SAMN09566684	E
SAMN09566685	E
SAMN09566686	E
SAMN09566687	E
SAMN09566688	E
SAMN09566689	E
SAMN09566690	E
SAMN09566691	E
SAMN09566692	E
SAMN09566693	E
SAMN09566694	E
SAMN09566695	E
SAMN09566696	E
SAMN09566697	E
SAMN09566698	E
SAMN09566699	E
SAMN09566700	E
SAMN09566701	E
SAMN09566702	E
SAMN09566703	E
SAMN09566704	E
SAMN09566705	E
SAMN09566706	E
SAMN09566707	E
SAMN09566708	E
SAMN09566709	E
SAMN09566710	E
SAMN09566711	E
SAMN09566712	E
SAMN09566713	E
SAMN09566714	E
SAMN09566715	E
SAMN09566716	E
SAMN09566717	E
SAMN09566718	E
SAMN09566719	E
SAMN09566720	E
SAMN09566721	E
SAMN09566722	E
SAMN09566723	E
SAMN09566724	E
SAMN09566725	E
SAMN09566726	E
SAMN09566728	E
SAMN09566729	E
SAMN09566730	E
SAMN09566731	E
SAMN09811670	W
SAMN09811671	W
SAMN10219708	E
SAMN10219709	E
SAMN10278076	E
SAMN10279424	E
SAMN10386492	E
SAMN10386493	E
SAMN10386494	E
SAMN10386495	E
SAMN10386496	E
SAMN10386497	E
SAMN10386498	E
SAMN10417143	E
SAMN10417144	E
SAMN10417147	E
SAMN10417148	E
SAMN10417149	E
SAMN10587724	E
SAMN10587736	E
SAMN10588750	E
SAMN10589319	E
SAMN10589489	E
SAMN10592335	E
SAMN10592336	E
SAMN10592345	E
SAMN10592348	E
SAMN10592494	E
SAMN10592500	E
SAMN10593020	E
SAMN10593042	E
SAMN10593104	E
SAMN10593109	E
SAMN10593121	E
SAMN10593327	E
SAMN10601611	E
SAMN10601620	E
SAMN10659527	E
SAMN10659528	E
SAMN10659529	E
SAMN10659530	E
SAMN10659531	E
SAMN10659532	E
SAMN10659533	E
SAMN10659534	E
SAMN10659535	E
SAMN10659536	E
SAMN10697415	W
SAMN10697416	W
SAMN10697417	W
SAMN10697418	W
SAMN10697419	W
SAMN10697420	W
SAMN10697421	W
SAMN10697422	W
SAMN10697423	W
SAMN10697424	W
SAMN10697425	W
SAMN10697426	W
SAMN10697427	W
SAMN10697428	W
SAMN10697429	W
SAMN10697430	W
SAMN10697431	W
SAMN10697432	W
SAMN10697433	W
SAMN10697434	W
SAMN10697435	W
SAMN10697436	W
SAMN10697437	W
SAMN10697438	W
SAMN10697439	W
SAMN10697440	W
SAMN10697441	W
SAMN10697442	W
SAMN10697443	W
SAMN10697444	W
SAMN10697445	W
SAMN10697446	W
SAMN10697447	W
SAMN10697448	W
SAMN10697449	W
SAMN10697450	W
SAMN10697451	W
SAMN10697452	W
SAMN10697453	W
SAMN10697454	W
SAMN10697455	W
SAMN10697456	W
SAMN10697457	W
SAMN10697459	W
SAMN10697460	W
SAMN10697461	W
SAMN10697462	W
SAMN10697463	W
SAMN10697464	W
SAMN10697465	W
SAMN10697466	W
SAMN10697467	W
SAMN10697468	W
SAMN10697469	W
SAMN10697470	W
SAMN10697471	W
SAMN10697472	W
SAMN10697473	W
SAMN10697474	W
SAMN10697475	W
SAMN10697476	W
SAMN10697477	W
SAMN10697478	W
SAMN10697479	W
SAMN10697480	W
SAMN10697481	W
SAMN10697482	W
SAMN10697483	W
SAMN10697484	W
SAMN10697485	W
SAMN10697486	W
SAMN10697487	W
SAMN10697488	W
SAMN10697489	W
SAMN10697490	W
SAMN10697491	W
SAMN10697492	W
SAMN10697493	W
SAMN10697494	W
SAMN10697495	W
SAMN10697496	W
SAMN10697497	W
SAMN10697498	W
SAMN10697499	W
SAMN10697500	W
SAMN10697501	W
SAMN10697502	W
SAMN10697503	W
SAMN10697504	W
SAMN10697505	W
SAMN10697506	W
SAMN10697507	W
SAMN10697508	W
SAMN10697509	W
SAMN10697510	W
SAMN10697511	W
SAMN10697512	W
SAMN10697513	W
SAMN10697514	W
SAMN10697515	W
SAMN10697516	W
SAMN10697517	W
SAMN10697518	W
SAMN10697519	W
SAMN10697520	W
SAMN10697521	W
SAMN10697522	W
SAMN10697523	W
SAMN10697524	W
SAMN10697525	W
SAMN10697526	W
SAMN10697527	W
SAMN10697528	W
SAMN10697529	W
SAMN10697530	W
SAMN10697531	W
SAMN10697532	W
SAMN10697533	W
SAMN10697534	W
SAMN10697535	W
SAMN10697536	W
SAMN10697537	W
SAMN10697538	W
SAMN10697539	W
SAMN10697540	W
SAMN10697541	W
SAMN10697542	W
SAMN10697543	W
SAMN10697544	W
SAMN10697545	W
SAMN10697546	W
SAMN10697547	W
SAMN10697548	W
SAMN10697549	W
SAMN10697550	W
SAMN10697551	W
SAMN10697552	W
SAMN10697553	W
SAMN10697554	W
SAMN10697555	W
SAMN10697556	W
SAMN10697557	W
SAMN10697558	W
SAMN10697559	W
SAMN10697560	W
SAMN10697561	W
SAMN10697562	W
SAMN10697563	W
SAMN10697564	W
SAMN10697565	W
SAMN10697566	W
SAMN10697567	W
SAMN10697568	W
SAMN10697569	W
SAMN10697570	W
SAMN10697571	W
SAMN10697572	W
SAMN10697573	W
SAMN10697574	W
SAMN10697575	W
SAMN10697576	W
SAMN10697577	W
SAMN10697578	W
SAMN10697579	W
SAMN10697580	W
SAMN10697581	W
SAMN10697582	W
SAMN10697583	W
SAMN10697585	W
SAMN10697586	W
SAMN10697587	W
SAMN10697588	W
SAMN10697589	W
SAMN10697590	W
SAMN10697591	W
SAMN10697592	W
SAMN10697593	W
SAMN10697594	W
SAMN10697595	W
SAMN10697596	W
SAMN10697597	W
SAMN10697598	W
SAMN10697599	W
SAMN10697600	W
SAMN10697601	W
SAMN10697602	W
SAMN10697603	W
SAMN10697604	W
SAMN10697605	W
SAMN10697606	W
SAMN10697607	W
SAMN10697608	W
SAMN10697609	W
SAMN10697610	W
SAMN10697611	W
SAMN10697612	W
SAMN10697613	W
SAMN10697614	W
SAMN10697615	W
SAMN10697616	W
SAMN10697617	W
SAMN10697618	W
SAMN10697619	W
SAMN10697620	W
SAMN10697621	W
SAMN10697622	W
SAMN10697623	W
SAMN10697624	W
SAMN10697625	W
SAMN10697626	W
SAMN10697627	W
SAMN10697628	W
SAMN10697629	W
SAMN10697630	W
SAMN10697631	W
SAMN10697632	W
SAMN10697633	W
SAMN10697634	W
SAMN10697635	W
SAMN10697636	W
SAMN10697637	W
SAMN10697638	W
SAMN10697639	W
SAMN10697640	W
SAMN10697642	W
SAMN10697643	W
SAMN10697644	W
SAMN10697645	W
SAMN10697646	W
SAMN10697647	W
SAMN10697648	W
SAMN10697649	W
SAMN10697650	W
SAMN10697651	W
SAMN10697652	W
SAMN10697653	W
SAMN10697654	W
SAMN10697655	W
SAMN10697656	W
SAMN10697657	W
SAMN10697658	W
SAMN10697659	W
SAMN10697660	W
SAMN10697661	W
SAMN10697662	W
SAMN10697663	W
SAMN10697664	W
SAMN10697665	W
SAMN10697666	W
SAMN10697667	W
SAMN10697668	W
SAMN10697669	W
SAMN10697670	W
SAMN10697671	W
SAMN10697672	W
SAMN10697673	W
SAMN10697674	W
SAMN10697675	W
SAMN10697676	W
SAMN10697677	W
SAMN10697678	W
SAMN10697679	W
SAMN10697680	W
SAMN10697681	W
SAMN10697682	W
SAMN10697683	W
SAMN10697684	W
SAMN10697685	W
SAMN10697686	W
SAMN10697687	W
SAMN10697688	W
SAMN10697689	W
SAMN10697690	W
SAMN10697691	W
SAMN10697692	W
SAMN10697693	W
SAMN10697694	W
SAMN10697695	W
SAMN10697696	W
SAMN10697697	W
SAMN10697698	W
SAMN10697699	W
SAMN10697700	W
SAMN10697701	W
SAMN10697702	W
SAMN10697703	W
SAMN10697704	W
SAMN10697705	W
SAMN10697706	W
SAMN10697707	W
SAMN10697708	W
SAMN10697709	W
SAMN10697710	W
SAMN10697711	W
SAMN10697712	W
SAMN10697713	W
SAMN10697714	W
SAMN10697715	W
SAMN10697716	W
SAMN10697717	W
SAMN10697718	W
SAMN10697719	W
SAMN10697720	W
SAMN10697721	W
SAMN10697722	W
SAMN10697723	W
SAMN10697724	W
SAMN10697725	W
SAMN10697726	W
SAMN10697727	W
SAMN10697728	W
SAMN10697729	W
SAMN10697730	W
SAMN10697731	W
SAMN10697732	W
SAMN10697733	W
SAMN10697734	W
SAMN10697735	W
SAMN10697736	W
SAMN10697737	W
SAMN10697738	W
SAMN10697739	W
SAMN10697740	W
SAMN10697741	W
SAMN10697742	W
SAMN10697743	W
SAMN10697744	W
SAMN10697745	W
SAMN10697746	W
SAMN10697747	W
SAMN10697748	W
SAMN10697749	W
SAMN10697750	W
SAMN10697751	W
SAMN10697752	W
SAMN10697753	W
SAMN10697754	W
SAMN10697755	W
SAMN10697756	W
SAMN10697757	W
SAMN10697758	W
SAMN10697759	W
SAMN10697760	W
SAMN10697761	W
SAMN10697762	W
SAMN10697763	W
SAMN10697764	W
SAMN10697765	W
SAMN10697766	W
SAMN10697767	W
SAMN10697768	W
SAMN10697769	W
SAMN10697770	W
SAMN10697771	W
SAMN10697772	W
SAMN10697773	W
SAMN10697774	W
SAMN10697775	W
SAMN10697776	W
SAMN10697777	W
SAMN10697778	W
SAMN10697779	W
SAMN10697780	W
SAMN10697781	W
SAMN10697782	W
SAMN10697783	W
SAMN10697784	W
SAMN10697785	W
SAMN10697786	W
SAMN10697787	W
SAMN10697788	W
SAMN10697789	W
SAMN10697790	W
SAMN10697791	W
SAMN10697792	W
SAMN10697793	W
SAMN10697794	W
SAMN10697795	W
SAMN10697796	W
SAMN10697797	W
SAMN10697798	W
SAMN10697799	W
SAMN10697800	W
SAMN10697801	W
SAMN10697802	W
SAMN10697803	W
SAMN10697804	W
SAMN10697805	W
SAMN10697806	W
SAMN10697807	W
SAMN10697808	W
SAMN10697809	W
SAMN10697810	W
SAMN10697811	W
SAMN10697812	W
SAMN10697813	W
SAMN10697814	W
SAMN10697815	W
SAMN10697816	W
SAMN10697817	W
SAMN10697818	W
SAMN10697819	W
SAMN10697820	W
SAMN10697821	W
SAMN10697822	W
SAMN10697823	W
SAMN10697824	W
SAMN10697825	W
SAMN10697826	W
SAMN10697827	W
SAMN10697828	W
SAMN10697829	W
SAMN10697830	W
SAMN10697831	W
SAMN10697832	W
SAMN10697833	W
SAMN10697834	W
SAMN10697835	W
SAMN10697836	W
SAMN10697837	W
SAMN10697838	W
SAMN10697839	W
SAMN10697840	W
SAMN10697841	W
SAMN10697842	W
SAMN10697843	W
SAMN10697844	W
SAMN10697845	W
SAMN10697846	W
SAMN10697847	W
SAMN10697848	W
SAMN10697849	W
SAMN10697850	W
SAMN10697851	W
SAMN10697852	W
SAMN10697853	W
SAMN10697854	W
SAMN10697855	W
SAMN10697856	W
SAMN10697857	W
SAMN10697858	W
SAMN10697859	W
SAMN10697860	W
SAMN10697861	W
SAMN10697862	W
SAMN10697863	W
SAMN10697864	W
SAMN10697865	W
SAMN10697866	W
SAMN10697867	W
SAMN10697868	W
SAMN10697869	W
SAMN10697870	W
SAMN10697871	W
SAMN10697872	W
SAMN10697873	W
SAMN10697874	W
SAMN10697875	W
SAMN10697876	W
SAMN10697877	W
SAMN10697878	W
SAMN10697879	W
SAMN10697880	W
SAMN10697881	W
SAMN10697882	W
SAMN10697883	W
SAMN10697884	W
SAMN10697885	W
SAMN10697886	W
SAMN10697887	W
SAMN10697888	W
SAMN10697889	W
SAMN10697890	W
SAMN10697891	W
SAMN10697892	W
SAMN10697893	W
SAMN10697894	W
SAMN10697895	W
SAMN11523165	W
SAMN11620726	W
SAMN11620747	W
SAMN11620770	W
SAMN11620795	W
SAMN11620796	W
SAMN11620797	W
SAMN11620807	W
SAMN11620808	W
SAMN11620809	W
SAMN11620810	W
SAMN11620847	W
SAMN11620937	W
SAMN11954087	W
SAMN12126281	W
SAMN12216145	W
SAMN12429790	E
SAMN12429791	E
SAMN12429792	E
SAMN12429793	E
SAMN12429794	E
SAMN12429795	E
SAMN12429796	E
SAMN12429797	E
SAMN12429798	E
SAMN12429799	E
SAMN12429800	E
SAMN12429801	E
SAMN12429802	E
SAMN12429803	E
SAMN12429804	E
SAMN12429805	E
SAMN12429806	E
SAMN12429807	E
SAMN12429808	E
SAMN12429809	E
SAMN12429810	E
SAMN12429811	E
SAMN12429812	E
SAMN12429813	E
SAMN12429814	E
SAMN12429815	E
SAMN12429816	E
SAMN12429817	E
SAMN12429818	E
SAMN12429819	E
SAMN12429820	E
SAMN12429821	E
SAMN12429822	E
SAMN12429823	E
SAMN12429824	E
SAMN12429825	E
SAMN12429826	E
SAMN12429827	E
SAMN12429828	E
SAMN12429829	E
SAMN12537184	W
SAMN12537185	W
SAMN12537186	W
SAMN12537187	W
SAMN12537188	W
SAMN12726462	E
SAMN12785870	E
SAMN12816907	E
SAMN12877714	E
SAMN12878103	E
SAMN12878104	E
SAMN12878105	E
SAMN12878106	E
SAMN12878107	E
SAMN12878108	E
SAMN12878111	E
SAMN12911364	E
SAMN13556300	E
SAMN14053477	E
SAMN14053478	E
SAMN14299286	E
SAMN14299287	E
SAMN14598146	E
SAMN15348336	E
SAMN15832760	E
SAMN15963001	E
SAMN16605479	E
SAMN16808033	E
SAMN16808034	E
SAMN16808035	E
SAMN16808036	E
SAMN16808037	E
SAMN16808038	E
SAMN16808039	E
SAMN16808040	E
SAMN16808041	E
SAMN16808042	E
SAMN16808043	E
SAMN16808044	E
SAMN16808045	E
SAMN16808046	E
SAMN16808047	E
SAMN16808048	E
SAMN16808049	E
SAMN16808050	E
SAMN16808051	E
SAMN16808052	E
SAMN16808053	E
SAMN16808054	E
SAMN16808055	E
SAMN16808056	E
SAMN16808057	E
SAMN16808058	E
SAMN16808059	E
SAMN16808060	E
SAMN16808061	E
SAMN16808062	E
SAMN16808063	E
SAMN16808064	E
SAMN16808065	E
SAMN16808066	E
SAMN16808067	E
SAMN16808068	E
SAMN16808069	E
SAMN16808070	E
SAMN16808071	E
SAMN16808072	E
SAMN16808073	E
SAMN16808074	E
SAMN16808075	E
SAMN16808076	E
SAMN16808077	E
SAMN16808078	E
SAMN16808079	E
SAMN16808080	E
SAMN16808081	E
SAMN16808082	E
SAMN16808083	E
SAMN16808084	E
SAMN16808085	E
SAMN16808086	E
SAMN16808087	E
SAMN16808088	E
SAMN18056856	E
SAMN18056929	E
SAMN18614372	W
SAMN19960505	E
SAMN20600143	E
SAMN20600144	E
SAMN20600146	E
SAMN20600150	E
SAMN20600152	E
SAMN20600154	E
SAMN20600155	E
SAMN20600163	E
SAMN21018175	W
SAMN21018176	W
SAMN21018177	W
SAMN21018178	W
SAMN21194396	E
SAMN21558691	E
SAMN21593408	E
SAMN21593409	E
SAMN21593410	E
SAMN21593411	E
SAMN21593412	E
SAMN21593413	E
SAMN21593414	E
SAMN21593415	E
SAMN21593416	E
SAMN21593417	E
SAMN21593418	E
SAMN21593419	E
SAMN21593420	E
SAMN21593421	E
SAMN21593422	E
SAMN21593423	E
SAMN21593424	E
SAMN21593425	E
SAMN21593426	E
SAMN21593427	E
SAMN21593428	E
SAMN21593429	E
SAMN21593430	E
SAMN21593431	E
SAMN21593432	E
SAMN21593433	E
SAMN21593434	E
SAMN21593435	E
SAMN21593436	E
SAMN21593437	E
SAMN21593438	E
SAMN21593439	E
SAMN21593440	E
SAMN21593441	E
SAMN21593442	E
SAMN21593443	E
SAMN21593444	E
SAMN21593445	E
SAMN21593446	E
SAMN21593447	E
SAMN21593448	E
SAMN21593449	E
SAMN21593450	E
SAMN21593451	E
SAMN21593452	E
SAMN21593453	E
SAMN21593454	E
SAMN21593455	E
SAMN21593456	E
SAMN21593457	E
SAMN21593458	E
SAMN21593459	E
SAMN21593460	E
SAMN21593461	E
SAMN21593462	E
SAMN21593463	E
SAMN21593464	E
SAMN21593465	E
SAMN21593466	E
SAMN21593467	E
SAMN21593468	E
SAMN21593469	E
SAMN21593470	E
SAMN21593471	E
SAMN21593472	E
SAMN21593473	E
SAMN21593474	E
SAMN21593475	E
SAMN21593476	E
SAMN21593477	E
SAMN21593478	E
SAMN21593479	E
SAMN21593480	E
SAMN21593481	E
SAMN21593482	E
SAMN21593483	E
SAMN21593484	E
SAMN22322590	W
SAMN23441947	E
SAMN27028218	E
SAMN27028219	E
SAMN27028220	E
SAMN27028221	E
