runA	runB
ERR5908124	ERR5909158
ERR5908124	ERR5909158
ERR5908124	ERR5909158
ERR5908124	ERR5909158
ERR5908124	ERR5909158
ERR5908124	ERR5909158
ERR5908124	ERR5909158
ERR5908124	ERR5909158
ERR5908124	ERR5909158
ERR5908124	ERR5909158
ERR5908124	ERR5909158
ERR5908124	ERR5909158
ERR5908124	ERR5909158
ERR5908124	ERR5909158
ERR5908124	ERR5909158
ERR5908124	ERR5909158
ERR5908124	ERR5909158
ERR5908124	ERR5909158
ERR5908124	ERR5909158
ERR5908124	ERR5909158
ERR5908124	ERR5909158
ERR5908124	ERR5909158
ERR5908124	ERR5909158
ERR5908124	ERR5909158
ERR5908124	ERR5909158
ERR5908124	ERR5909158
ERR5908124	ERR5909158
ERR5908124	ERR5909158
ERR5908124	ERR5909158
ERR5908124	ERR5909158
ERR5908124	ERR5909158
ERR5908124	ERR5909158
ERR5908124	ERR5909158
ERR5908124	ERR5909158
ERR5908124	ERR5909158
ERR5908124	ERR5909158
ERR5908124	ERR5909158
ERR5908124	ERR5909158
ERR5908124	ERR5909158
ERR5908124	ERR5909158
ERR5908124	ERR5909158
ERR5908124	ERR5909158
ERR5908124	ERR5909158
ERR5908124	ERR5909158
ERR5908124	ERR5909158
ERR5908124	ERR5909158
ERR5908124	ERR5909158
ERR5908124	ERR5909158
ERR5908124	ERR5909158
ERR5908124	ERR5909158
ERR5908124	ERR5909158
ERR5908124	ERR5909158
ERR5908124	ERR5909158
ERR5908124	ERR5909158
ERR5908124	ERR5909158
ERR5908124	ERR5909158
ERR5908124	ERR5909158
ERR5908124	ERR5909158
ERR5908124	ERR5909158
ERR5908124	ERR5909158
ERR5908124	ERR5909158
ERR5908124	ERR5909158
ERR5908124	ERR5909158
ERR5908124	ERR5909158
ERR5908124	ERR5909158
ERR5908124	ERR5909158
ERR5908124	ERR5909158
ERR5908124	ERR5909158
ERR5908124	ERR5909158
ERR5908124	ERR5909158
ERR5908124	ERR5909158
ERR5908124	ERR5909158
ERR5908124	ERR5909158
ERR5908124	ERR5909158
ERR5908124	ERR5909158
ERR5908124	ERR5909158
ERR5908124	ERR5909158
ERR5908124	ERR5909158
ERR5908124	ERR5909158
ERR5908124	ERR5909158
ERR5908124	ERR5909158
ERR5908124	ERR5909158
ERR2041715	ERR2041716
ERR2041799	ERR2041800
ERR2041790	ERR2041791
ERR2041701	ERR2041702
ERR2199740	ERR2199741
ERR2199752	ERR2199753
ERR2199755	ERR2199756
ERR2199760	ERR2199761
ERR2199762	ERR2199763
ERR2199764	ERR2199765
ERR2199774	ERR2199775
ERR2199790	ERR2199791
ERR2199802	ERR2199803
ERR2199824	ERR2199825
ERR2199826	ERR2199827
ERR2199836	ERR2199837
ERR2199853	ERR2199854
ERR2199855	ERR2199856
ERR2199862	ERR2199863
ERR2199866	ERR2199867
ERR2199869	ERR2199870
ERR2199872	ERR2199873
ERR2199876	ERR2199877
ERR2199880	ERR2199881
ERR2199882	ERR2199883
ERR2199885	ERR2199886
ERR2199899	ERR2199900
ERR2199901	ERR2199902
ERR2199907	ERR2199908
ERR2199910	ERR2199911
ERR2199953	ERR2199954
ERR2199959	ERR2199960
ERR2199984	ERR2199985
ERR2200026	ERR2200027
ERR2200068	ERR2200069
ERR2200083	ERR2200084
ERR2200098	ERR2200099
ERR2200128	ERR2200129
ERR2200135	ERR2200136
ERR2200137	ERR2200138
ERR2200142	ERR2200143
ERR2200146	ERR2200147
ERR2200150	ERR2200151
ERR550863	ERR550864
ERR550867	ERR550868
ERR551194	ERR551195
ERR551240	ERR551241
ERR551298	ERR551299
ERR551315	ERR551316
ERR551674	ERR551675
ERR551757	ERR551758
ERR551881	ERR551882
ERR551937	ERR551938
ERR551941	ERR551942
ERR552074	ERR552075
ERR552108	ERR552109
ERR552149	ERR552150
ERR552181	ERR552182
ERR552251	ERR552252
ERR552253	ERR552254
ERR552295	ERR552296
ERR552313	ERR552314
ERR552396	ERR552397
ERR552572	ERR552573
ERR552764	ERR552765
ERR552783	ERR552784
ERR552821	ERR552822
ERR552916	ERR552917
ERR552986	ERR552987
ERR552993	ERR552994
ERR553001	ERR553002
ERR553020	ERR553021
ERR553124	ERR553125
ERR553185	ERR553186
ERR553214	ERR553215
ERR553342	ERR553343
ERR553384	ERR553385
